Name,Rating,Rating Count,Address,Verified
"Weather Cool Engineers in Naupada-thane West, Mumbai",4.3,608,"Shop No 103 , 1st Floor , Anant Laxmi Charnbers Co-Op Housing Society, Naupada, Naupada-thane West, Thane - 400602",Verified
"Aarvi Aircool Services in Thane West, Mumbai",4.9,5,"Kothimire House, Balkum Pada No 2, Thane West, Thane - 400608, Om Sai Chowk",Not Verified
"Cool Climate in Thane West, Mumbai",3.5,2,"Shop No.03 , Runwal Tower, Runwal Nagar, Thane West, Thane - 400601, Opp Viviana Mall",Not Verified
"Asian Aircon INDIA in Kopri Colony-Thane East, Mumbai",4.7,21,"44 A Sainath Nagar, Deshmukh Wadi, Kopri Colony-Thane East, Thane - 400603, Behind Anand Tokies",Verified
"Singh Enterprises in Kalher, Mumbai",1.9,9,"Shop No. 14, Deeplaxmi Residency, Bhiwandi Road, Kalher, Bhiwandi - 421302, Opposite Ramdev Hotel",Not Verified
"Cool Breeze in Airoli, Mumbai",3.5,2,"Sharadha Suman Appartment Shop No.10, Sector 20, Airoli, Navi Mumbai - 400708, Next to Sanjha Chulla Hotel",Not Verified
"I Cool Services in Bhandup West, Mumbai",5.0,2,"Plot No 14Opposite Asian Paints, Shop No-1 Revati Apratment, L B S Road, Bhandup West, Bhandup West, Mumbai - 400078",Not Verified
"Gurudev Services in Tagore Nagar-vikhroli East, Mumbai",4.9,11,"Shop No 150, Opp Axis Bank ATM, Tagore Nagar-vikhroli East, Mumbai - 400083, Near Shri Prakash",Not Verified
"Ideal Cooling Point in Kandivali East, Mumbai",4.5,154,"Room No 6, Markhande Singh Society, Gaondevi Road, Kandivali East, Mumbai - 400101, Near Thakur Polytechnic College",Not Verified
"Call My Engineer (Home Appliances Repair Services) in Dombivli East, Mumbai",4.3,64,"Shop No. 5 Tulsi Vaibhav Society, Nandivali Road, Dombivli East, Thane - 421201, Near Ashok Vatika Society",Not Verified
"SHIVRAJ ENTERPRISES in PALAVA CITY, Mumbai",5.0,4,"Shop No 25 Chandesh Niketan Lodha Haven, Nilje, PALAVA CITY, Thane - 421204, Near C. Shiva Ji Maharaj Chowk",Not Verified
"Mantra Enterprises in Thakurli, Mumbai",3.7,3,"Shop No.22,Sairaj Park, 90 Feet Road, Thakurli, Thane - 421201, Near DNS Bank",Not Verified
"Fridge Cool Sevices in Borivali East, Mumbai",4.1,68,"1/B/106, Vitthal Nagar Building, Borivali East, Mumbai - 400066, Devpada, Near Vitthal Mandir",Verified
"NF AIRCONDITIONER in Dombivli East, Mumbai",3.5,2,"Gala No-3 ,pimpleshawar Buss Stop ,Sagoan, Manpada Road, Dombivli East, Thane - 421201, Opp-Laxmi Hardware",Not Verified
"S S AIR Cool Engineering in Mumbra, Mumbai",4.3,75,"Shop No 6 Ground Floor Noor Complex, Khardi Road, Mumbra, Thane - 400612, Near New Modern English School",Not Verified
"Super Aircondition in Kandivali East, Mumbai",3.7,31,"Panvati CHS, Akurli Road, Kandivali East, Mumbai - 400101, Mahada Road No 2",Not Verified
"Summer Cool in Kopar Khairane, Mumbai",5.0,5,"Shop No 12,Manoshri Building, Kopar Khairane, Navi Mumbai - 400709, Near Faam Society",Not Verified
"Cool INDIA Enterprises in Goregaon East, Mumbai",4.9,29,"Devicha Pada Unit No 7, Gen AKV Marg, Goregaon East, Mumbai - 400065",Not Verified
"H S Engineering Works in Kandarpada-dahisar West, Mumbai",3.8,248,"Shop No 20,Kamla Vihar Building, New Link Road, Kandarpada-dahisar West, Mumbai - 400068, Near Link Road",Not Verified
"Ss Cool Services in Powai, Mumbai",3.6,15,"Shop No 5,Bhind Gateway Plaza Near Hiranadani Plaza, Hiranadani Garden, Powai, Mumbai - 400076, Near Hiranandani",Not Verified
"N C Service Center in Mira Road, Mumbai",4.5,35,"Shop No.4 Miral Apt Govind Nagar, Mira Bhayander Road, Mira Road, Thane - 401107, Nr Sai Petrol Pump",Verified
"Coolpack Hvac System in Sakinaka, Mumbai",4.3,32,"Unit No 01, Dhardham Compound, 90 Feet Road, Pensuila Hotel, Andheri East, Sakinaka, Mumbai - 400072, Pensuila Hotel",Not Verified
"Acrepairwala.com in Borivali West, Mumbai",4.0,7,"Room No 1, Dayanand Bhandari Chawl, Shimpoli Road, Borivali West, Mumbai - 400092, Near State Bank Of Hyderabad, Chikuwadi",Not Verified
"Perfect Electronics in Dombivli East, Mumbai",4.9,30,"Vishweshwar Darshan , Shop No. 3, Manpada Road, Dombivli East, Thane - 421201, Near Vijaya Bank",Not Verified
"Wefix Enterprises in Mira Road, Mumbai",4.9,176,"Mira Dham Complex, Mira Road, Thane - 401107, Behind Hanuman Mandir, Mira Gaon",Verified
"A.K Cooling System in Borivali West, Mumbai",5.0,3,"Shop No 10, Jupiter Building, Borivali West, Mumbai - 400092, Opp Joggers Park",Not Verified
"Shweta Electricals in Ghatkopar East, Mumbai",4.8,14,"Room No 2032, Vasantrao Naik Marg, Ghatkopar East, Mumbai - 400075, Opposite Durga Mata Mandir, Transist Camp, Ramabai Nagar",Not Verified
"S S Cooling System in Borivali West, Mumbai",3.9,95,"Shop No 7 ,, Link Road, Borivali West, Mumbai - 400092, Near Don Bosco School",Not Verified
"AIR Floor System in Goregaon West, Mumbai",3.4,124,"Z-153, Kranti Building, Link Road, Goregaon West, Mumbai - 400104, Opposite Goregaon Bus Depot, Bhagat Singh Nagar No 3",Not Verified
"Prime Enterprise in Mira Road, Mumbai",4.2,442,"Shop No 13, Ground Floor, A1 Building, Shanti Vihar Complex, Station Road, Mira Road, Thane - 401107, Near Railway Station",Verified
"Naaz AIR Condition in Andheri East, Mumbai",3.8,26,"Road No 12, Midc, Andheri East, Mumbai - 400093, Opp Safron Spice Hotel",Verified
"Tammana AIR Cool in Malad East, Mumbai",3.5,2,"Opposite Western Express Highway, Shop No 10mbewadi, Near Gaon Devi Temple, Pushpa Park, Malad East, Mumbai - 400097",Not Verified
"Perfect Cool Services in Malad West, Mumbai",4.4,177,"Shop No 5, Eklavya Building, Marve Road, Malad West, Mumbai - 400064, Near Orlem",Not Verified
"AIR Cool Services in Ghatkopar West, Mumbai",4.1,17,"LBS Road, Ghatkopar West, Mumbai - 400086, Near R City Mall",Not Verified
"Om SAI Refrigeration in Kandivali West, Mumbai",3.7,17,"Balaji Shopping Centre,Gala No 6,Blue Arch Bldg, Bandar Pakhadi Charkop, Kandivali West, Mumbai , Opp Gaurav Garden Small GATE,Ganesh Chowk Kandivali (West)",Not Verified
"Rudra Enterprise in Sakinaka, Mumbai",4.8,26,"Shop No 8, Dsouza Compound, Kherani Road, Sakinaka, Mumbai - 400072, Opposite S J Studio",Not Verified
"National Aircon in Jogeshwari West, Mumbai",4.0,1000,"Shop No 6, Gaondevi Co Operative Housing Society, Rehab Building No 1, New Link Road, Jogeshwari West, Mumbai - 400102, Opposite Dheeraj Gaurav Heights",Not Verified
"Solve Services in Jogeshwari West, Mumbai",3.7,45,"22, Gavdevi Chs, Building No 1, New Link Road,, Jogeshwari West, Mumbai - 400102, Opposite Dheeraj Gaurav Heights",Not Verified
"Om Refrigeration 2 in Kalyan West, Mumbai",4.5,23,"Chattri Bunglow Road, Kalyan West, Kalyan - 421301, Opp Sandeep Hotel",Not Verified
"AIR Cool Engineers in Malad West, Mumbai",4.5,204,"Shop No 2, Marve Raod, Malad West, Mumbai - 400095, Jankalyan Nagar",Not Verified
"AIR Cool Services in Ghatkopar East, Mumbai",4.7,5,"Satyam Shopping Centre, M G Road, Ghatkopar East, Mumbai - 400077",Not Verified
"National Aircondition in Jogeshwari West, Mumbai",4.3,1015,"Shop No 6, Jogeshwari Gavdevi Chs Ltd, Rehab Building 1, New Link Road, Jogeshwari West, Mumbai - 400102, Opposite Dheeraj Gaurav Height",Verified
"Delta Engineering in Jari Mari-sakinaka, Mumbai",3.9,129,"Room No 3, Salimuddin Chawl, K A Road, Jari Mari-sakinaka, Mumbai - 400072, Near Arbi Mohalla",Verified
"S S Cool Repairs & Services in Asalfa-ghatkopar West, Mumbai",3.0,12,"Himalaya Society, Asalfa-ghatkopar West, Mumbai - 400084, Near Asalfa Metro Station",Not Verified
"Quick Cool Services in Goregaon West, Mumbai",4.8,351,"Shop No 57, Link Road, Goregaon West, Mumbai - 400104, Bangur Nagar, Near Inorbit Mall",Verified
"Star Cool INDIA in Andheri West, Mumbai",4.7,415,"Shop No 16, Laxkariya Building, Veera Desai Road, Andheri West, Mumbai - 400058, Near Country Club",Verified
"Sharp Cool Services in Goregaon West, Mumbai",4.6,41,"Shop No 14, S V Road, Goregaon West, Mumbai - 400090, Near MTNL Office",Verified
"Noman Cool Services in Nerul, Mumbai",3.9,618,"Shop No 5, Plot No C, Satnam Niwas, Sector 20, Nerul, Navi Mumbai - 400706, Near Gaydevi Mandir",Not Verified
"Noman Cool in Taloja, Mumbai",4.4,144,"Shop No. 07, Green View Chs,, Sector 02, Plot No. 2 & 3,, Taloja, Navi Mumbai - 410208, Near Railway Station",Not Verified
"AIR Cool System in Chembur, Mumbai",4.4,33,"Behind Subhiksha Khandhriya Mansion, Chembur, Mumbai - 400071",Not Verified
"Mac Engineers in Andheri West, Mumbai",4.2,136,"Shop No D/5, Plot No 63, Yari Road, Andheri West, Mumbai - 400061, Near D Mart",Verified
"Bombay Cool in Vile Parle East, Mumbai",3.5,82,"Padris Wadi, Petker Road, Vile Parle East, Mumbai - 400057",Verified
"Quick Cool in Prabhat Colony-santacruz East, Mumbai",3.7,14,"Jaiswar House, Room No 60, Prabhat Colony-santacruz East, Mumbai - 400055, Near Seva Nagar",Not Verified
"Vijay Appliances in Bandra East, Mumbai",3.8,20,"Mitalal Neharu Nagar CHs, Building No 1 B K Complex, Bandra East, Mumbai - 400051",Not Verified
"Zip AIR Condition in Santacruz East, Mumbai",3.7,157,"House No 132, John Rodrigous Chawl, Santacruz East, Mumbai - 400029, P & T Colony, Kalina Village",Verified
"Paramount Aircondition in Juhu, Mumbai",4.5,75,"Shop No 1, Kapaswadi, Juhu Versova Link Road, Juhu, Mumbai - 400049, Near Juhu Circle",Verified
"Snow Sales & Services in Bandra West, Mumbai",4.1,131,"Shop No 7,God Gift Tower, M S Road Off S V Road, Bandra West, Mumbai - 400050, Opposite Lucky Hotel",Not Verified
"Cool One Click in Santacruz West, Mumbai",4.4,27,"13 Shree Building, S V Road, Santacruz West, Mumbai - 400054, Opposite Stranded Chartered Bank",Not Verified
"Alok Ac Repair & Electrical Work in Ulhasnagar No 3, Mumbai",4.9,24,"Shop No.1, Mattka Chowk, Ulhasnagar No 3, Thane - 421002, Opp Ordnus Gate",Not Verified
"Om Refrigeration in Ambernath, Mumbai",4.6,304,"Shop No. 1941, Datta Kuteer, B-Cabin Road, Ambernath, Thane - 421501, Opposite Bharat Gas",Not Verified
"Om Refrigeration in Ambernath, Mumbai",4.6,304,"Shop No. 1941, Datta Kuteer, B-Cabin Road, Ambernath, Thane - 421501, Opposite Bharat Gas",Not Verified
"Om Refrigeration in Ambernath, Mumbai",4.6,304,"Shop No 1941, Datta Kuteer,, B-Cabin Road, Ambernath, Thane - 421501, Near Bharat Gas",Verified
"Naresh Enterprises in Dadar West, Mumbai",4.5,1,"R-7, Kawli Chawl, Kashinath Dhuru Marg, Dadar West, Mumbai - 400028, Near Kirti College",Not Verified
"Harsh Cool Service in Kamothe, Mumbai",4.0,200,"Sai Ashish Apartment, Shop No 14 ,Plot No 39, Sector 20, Kamothe, Navi Mumbai - 410206, Aishwariya Hotel",Verified
"S S Cooling System in Prabhadevi, Mumbai",4.7,3,"Shop No 7 Ground Floor God Gift Tower, M S Road, Prabhadevi, Mumbai - 400025",Not Verified
"Pintu Refrigeration in Vasai East, Mumbai",3.4,109,"Shop No-23,Girnar Heights, Vasai Link Road, Vasai East, Palghar - 401208, Near Dmart",Not Verified
"Iconic Cool Services in Nalasopara East, Mumbai",3.8,86,"Shop No.20, Kailash Tower, Yashwant Viva Township, Nalasopara East, Palghar - 401209, Opposite Dmart, Yashwant Viva Township",Not Verified
"Sarvadnya Enterprises in Badlapur Ed, Mumbai",3.8,46,"504, Sadguru Deep Co Operative Housing Society, Badlapur Ed, Thane - 421503, Juveli Gaon, Near D K Sadan",Verified
"Unique Cooling Solution in Nalasopara East, Mumbai",5.0,2,"Shop No.6, Shiv Plaza, Pragati Nagar, Nalasopara East, Palghar - 401209, Near Pragati Nagar Police Chowky",Not Verified
"Famous AIR Condition in Nalasopara East, Mumbai",4.8,2,"N B Sing Chawl Hawai Pada, Santosh Bhavan, Nalasopara East, Palghar - 401209, Near Durga Mandir",Not Verified
"Nalanda Inverter  Air Conditioner in Panvel, Mumbai",4.5,22,"Shop No -8, Arihant Plaza ,Plot No -162, Mcch Society, Panvel, Navi Mumbai - 410206, Near Suruchi Hotel",Verified
"S Cool Service in Mumbai Central, Mumbai",5.0,3,"3/3, Floor Grd - 58 , Bhorini Chawl,, 5th Lane Kamatipura , Nagpada, Mumbai Central, Mumbai - 400008",Not Verified
"Fridge Cool Sevices in Tulsiwadi, Mumbai",4.0,119,"Om Building, B 2 B, Room No 814,M P Mills Compaund, M P Mills Compaund, Tulsiwadi, Mumbai - 400034, Maharshtra Nagar",Verified
"I Cool Services in Virar East, Mumbai",3.8,90,"Shop No 1, Ground Floor, Sai Sagar Swapna Sagar CHSL, Phoolpada Road, Virar East, Palghar - 401305, R J Nagar",Verified
"Ramesh Electronics in Virar West, Mumbai",4.5,13,"Shop No-10,Shree Shashwat Building, Global City, Virar West, Palghar - 401303, Near Agarwal Life Style",Not Verified
"Arihant Hardware in Virar West, Mumbai",4.7,30,"Shop No 100, Building No 13 , Avenue M,, Global City, Virar West, Palghar - 401303, Near Yazoo Park",Not Verified
"Ganesh Electronics in Virar West, Mumbai",4.8,21,"Shop No-31,Shree Shashwat Building, Global City, Virar West, Palghar - 401303, Near Agarwal Life Style",Not Verified
"Wash & Cool in Boisar, Mumbai",4.9,13,"Ganga Bldg, Dalal Tower, Tarapur Road, Apposite Cidco Colony,, Boisar, Palghar - 401501, Behind Boisar Motors & Dr. Dalal Hospital",Not Verified
Localoye.com in Mumbai,3.5,14,Mumbai - 400001,Not Verified
Housejoy.in in Mumbai,3.8,216,Mumbai - 400001,Not Verified
"Reliance Digital Retail Ltd in Manpada-thane West, Mumbai",3.8,2704,"Shop No 4, Orion Business Park, Ghodbunder Road, Manpada-thane West, Thane - 400607, Near Cinemax Cinema & Cine Wonder Mall",Not Verified
"Reliance Digital Retail Ltd (Korum Mall) in Thane West, Mumbai",3.9,2480,"1st Floor, Korum Mall, Thane West, Thane - 400601, Near Cadbury Company, Off Eastern Express Highway",Not Verified
"Shree Jain Traders in Samata Nagar-Thane West, Mumbai",4.0,534,"Shop 1-8, Devdaya Park, Samata Nagar-Thane West, Thane - 400606, Opposite Raymonds Company",Not Verified
"LG Electronics INDIA Pvt Ltd in Thane West, Mumbai",3.9,355,"Lgeil Gall No 6 9, S 2, Golden Park Complex, Lbs Marg, Thane West, Thane - 400601, Near Majiwada Hardas Nagar, Panchpakhadi",Not Verified
"Ezone (Viviana Mall) in Thane West, Mumbai",3.8,215,"Viviana Mall, Unit No Slf 12, Second Floor, Eastern Express Highway, Thane West, Thane - 400601, Next to Jupiter Hospital",Verified
"Viraj Enterprises in Thane West, Mumbai",3.8,118,"G-1 Sai Mahendra Apartment, Majiwada, Thane West, Thane - 400607, Near Kapurbavdi",Not Verified
"Sam Appliances & Electronics in Thane West, Mumbai",4.2,80,"Shop No 1/2, Arihant Apartment, Agiyari Lane, Thane West, Thane - 400601, Near Jambli Naka",Verified
"Coolmate Appliance Services in Wagle Industrial Estate-Thane West, Mumbai",4.4,65,"ASHA USHA APT ROOM NO 01 SHANTI NAGAR, WAGHELE INDUSTRIAL ESTATE, Wagle Industrial Estate-Thane West, Thane - 400604, THANE WEST",Not Verified
"Ozone Airconditioning & Consultancy in Thane West, Mumbai",4.5,63,"2nd Floor, Chandrama Society,, Naupada, Near Rajawat Jewellers,, Thane West, Thane - 400602, Talaopali, Thane (W) 400 602",Verified
"Crystal Aircool in Near KD Hotel , Mumbai",3.9,36,"Niraj City, Thane - 400601, Near KD Hotel",Not Verified
"O K Televisions Pvt Ltd in Thane West, Mumbai",4.0,35,"Shop No 8, Summer Castle, Thane West, Thane - 400601, Castle Mill Naka",Not Verified
"Vijay Sales Service Centre in Thane West, Mumbai",4.2,32,"Nisarg Building Shop No 5,6,7, Thane West, Thane - 400601, R Mall, Manpada",Not Verified
"Omkar Ac Services in Vartak Nagar-Thane West, Mumbai",4.3,26,"D-1/108, Vedant Complex, Vartak Nagar-Thane West, Thane - 400606, Near Vedant Hospital",Not Verified
"Tele Max Enterprises in Naupada-thane West, Mumbai",3.9,25,"Anand Bhavan Society, Veer Savarkar Marg, Naupada-thane West, Thane - 400602, Next to Khawaiya Hotel, Opposite Vishwajeet Society",Not Verified
"Laxmi Electronics in Thane West, Mumbai",4.0,22,"Shop No 2, Ground Floor, Brite Society, Agyari Lane, Thane West, Thane - 400601, Near Tembhi Naka",Not Verified
"Shree Ameet Electronics in Vartak Nagar-thane West, Mumbai",3.5,20,"Shop No 14., Police Line Road, Vartak Nagar-thane West, Thane - 400606, Opposite ITI Building & Sai Baba Mandir",Not Verified
"Martin Electronics in Manpada-Thane West, Mumbai",4.2,19,"Martin Electronics B 501 Vaibhav Vilas, Ghodbunder Road, Manpada-Thane West, Thane - 400607, Waghbill Naka",Not Verified
"Hari Om Air Condition in Thane West, Mumbai",4.9,17,"Wagle Estate, Ram Nagar, No.28, Thane, Road, Thane West, Thane - 400604, Near Tower Company,Behind Masjid",Not Verified
"AIR Care Systems Pvt Ltd in Thane West, Mumbai",4.6,17,"B-608,LODHA SUPREMUS -2,, ROAD NO.22, Thane West, Thane - 400604, WAGLE ESTATE",Verified
"E Mart in Thane West, Mumbai",3.8,17,"Thane West, Thane - 400601",Not Verified
Starlook Air Condenser Service in Mumbai,4.8,15,"No.33, Barrington Company Kisan Koli Chawl, Savarkar Nagar, Thane W, Thane - 400606",Not Verified
"Keep Cool in Naupada-thane West, Mumbai",4.0,15,"Shop No 6, M G Road, Naupada-thane West, Thane - 400602, Opposite Naupada Police Station,Shahu Market",Not Verified
"Unique Engineering & Refrigeration Works in Wagle Industrial Estate-thane West, Mumbai",3.3,14,"70 Anand Vyapari Sankool Wagle Industrial Estate, Road No 33, Wagle Industrial Estate-thane West, Thane - 400604, Near Esis Hospital",Not Verified
"Haadiya Airconditioning Services in Thane West, Mumbai",4.6,13,"Room No 273 Botke Chawl, Bapuji Nagar, Thane West, Thane - 400601, Rabodi No 2, Bapuji Nagar",Not Verified
"Cool Air Service in Thane West, Mumbai",4.9,12,"Shop No4 Shiv Sai Apartment, Panchpakhadi, Thane West, Thane - 400602, Opp Saraswati High School",Not Verified
"Aeon Airconditioning Solutions in Thane West, Mumbai",4.1,12,"Ambedkar Road, Uthalsar, Thane West, Thane - 400601",Not Verified
"Invisn in Thane West, Mumbai",4.1,12,"Shop 32, Ashar Estate, Shree Nagar, Wagle Estate, Thane West, Thane - 400601, Opp Billabong School",Not Verified
"Snehal AC & R Engg Pvt Ltd in Thane West, Mumbai",4.1,11,"Plot No.a-158, Road No.25, MIDC, Wagle Indl Est, Thane West, Thane - 400601, Opp Linkway Honda",Not Verified
"Ultracool Services in Thane West, Mumbai",2.9,10,"Shop No. D2, Sneh Bandhan CHS,, Thane West, Thane - 400606, NR Veer Hospital, Opp Adhar Card Kendra",Not Verified
"Amcwale in Wagle Industrial Estate-Thane West, Mumbai",5.0,7,"0ffice No. 513, Lodha Supremes, Road No 22, Wagle Industrial Estate-Thane West, Thane - 400604, Near New Passport Office",Verified
"Royal Air Conditioner Shop in Thane West, Mumbai",5.0,6,"Office No. 103, 1st Floor, Thackeray Biulding, Rabodi 2nd, Shivaji Nagar, Thane West, Thane - 400601, Fatima High School",Not Verified
"Summer Cool Service in Thane West, Mumbai",4.2,6,"Thane West, Thane - 400608, Near Fatima Church, Maziwada Village",Not Verified
"J K Sales in Thane West, Mumbai",4.2,6,"Shop No 2 Trimurti Apartmentbehind Shop No 1 ,, Dada Patil Marg, Thane West, Thane - 400601, Shivaji Nagar Naupada",Verified
"Evercool Aircon in Thane West, Mumbai",4.2,6,"Shop No B/6, Rajdarshan Co Operative Housing Society, Thane West, Thane - 400601, Opposite Platform No 1, Dada Patil Wadi, Near Waman Hari Pethe",Verified
"Polr in Thane West, Mumbai",3.2,6,"Pratap Tower, Thane West, Thane - 400601, Pratap Cinema, Khopat",Not Verified
"Excellent Cool Services in Thane West, Mumbai",2.8,6,"Shop No. 16 Anmol Fathastic, Thane West, Thane - 400601, Opposite Unicersal High School",Not Verified
"Ocean Airconditioners Service Pvt Ltd in Manpada-Thane West, Mumbai",2.6,6,"Shop No 5, Kothari Compound, Tikuji Ni Wadi Road, Manpada-Thane West, Thane - 400607, 27 Acres",Not Verified
"Perfect Engineering Works in Thane West, Mumbai",5.0,5,"Shop No A1, Raj Laxmi Complex, Opp. Durgesh Park, Kalher, Bhiwandi, Thane West, Thane - 400601",Not Verified
"OGeneral Ac Service Center in Near Maya Kida Wear Cst Road Mumbai, Mumbai",4.2,5,"82/116, Mumbai, Thane - 400604, Near Maya Kida Wear Cst Road Mumbai",Not Verified
"Pacific in Thane West, Mumbai",3.6,5,"Thane West, Thane - 400601",Not Verified
"Cool Service in Thane West, Mumbai",5.0,5,"Shop No 2, Pokran Road, Hanuman Tank Lane, Thane West, Thane - 400610, Near Hanuman Temple, Vasant Vihar",Not Verified
Gencool Solution in Mumbai,5.0,4,"05,Wagheswary Krupa Chawl Nirmal Anand Nagar, Manorama Nagar, Kolshet Road, Thane - 400607",Not Verified
"Ziyan Enterprises in Thane West, Mumbai",4.6,4,"Shop No -13, Shree Rang Shopping Centre, Vrindavan Society, Thane West, Thane - 400601, Behind Shri Rang Bus Stop",Not Verified
"3d Sales & Service in Thane West, Mumbai",4.0,4,"Shop No 1, Mark Co Operative Housing Society, G B Road, Thane West, Thane - 400601, Charai, Near Dagdi School",Verified
"Weather Cool in Naupada-Thane West, Mumbai",4.0,4,"Shop No 7, Shridhar Smruti, Gokhale Road, Naupada-Thane West, Thane - 400602, Behind Deodhar Hospital, Opp Ice Factory",Not Verified
"Ace Aircon And Services R in Thane West, Mumbai",2.5,4,"Hazuri Darga Road, Thane West, Thane - 400601, Near Lic Building, Hazuri Naka",Not Verified
"Charbhuja Services in Balkum, Mumbai",5.0,3,"Shop No 4, Willose Building, Dadlani Park Road, Balkum, Thane - 400608, Opposite Ashok Nagar, Dadlani Park",Not Verified
"Glacetech in Thane West, Mumbai",4.7,3,"Shop No 6, Building No 5, Daramveer Nagar, Pokhran Road No 2, Thane West, Thane - 400601, Near Vasant Vihar, Thulsidam",Not Verified
"Om Refrigeration in Thane West, Mumbai",4.6,3,"Shop No1 Balaji Dham, Kisan Nagar No 1, Thane West, Thane - 400601, Near Wagle Estate,",Not Verified
"Amans Enterprises in Thane West, Mumbai",4.5,3,"Tambe House PP Koli Chawl, Opp to Ganesh Kripa Bulidng, Thane West, Thane - 400602, Near Nitin Company Ganesh Wadi",Not Verified
Super Air Solutions in Mumbai,4.3,3,"G-1, Nav Omkar Society, Panch Pakhadi,West, Thane - 400602",Verified
"Rane Electricals Sales & Services in Thane West, Mumbai",3.8,3,"Gala No 3 SAI Anand Shopping Centre, Edelji Road, Thane West, Thane - 400601, Charai",Not Verified
"Evercool Engineers in Thane West, Mumbai",3.5,3,"15/5 Adnand Mhall Co Operative Housing Society, Thane West, Thane - 400601, K Villa",Not Verified
"Anucool Sales & Services in Naupada-thane West, Mumbai",3.5,3,"106 Vardhaman Indl Estate, L B S Marg, Naupada-thane West, Thane - 400602",Not Verified
"Gbs Cool Services in Thane West, Mumbai",3.3,3,"Mayur Appartment, Shop No 6, Thane West, Thane - 400601, Near Khopat, Behind Shivsena Shakha",Verified
"Anil Ac Services in Thane West, Mumbai",3.3,3,"Sai Darshan Building, Shop No 3, Godhbunder Road, Thane West, Thane - 400608, Wagbhil",Not Verified
"Siddhi Services in Thane West, Mumbai",3.3,3,"Flat No 1505, Morning Glory Building, Everest World Society, Kolshet Road, Thane West, Thane - 400607, Dhokali Naka",Not Verified
"Shree Mahalaxmi Sales & Service Centre in Hiranandani Estate-Thane West, Mumbai",3.2,3,"Shop No 5,madhvi Compound, Ghodbunder Road, Hiranandani Estate-Thane West, Thane - 400607, Next to Flora Bldg",Not Verified
"Colour Track Services in Thane West, Mumbai",3.0,3,"Anand Bhuvan, Veer Savarkar Marg, Thane West, Thane - 400601, Opp Vishwajeet Society Navpada",Not Verified
"RS Cool Air Conditioner in Thane West, Mumbai",2.5,3,"Vartak Nagar, Vijay Nagar Near Prashant Corner  Pokhran Rod No 2 Thane (w), Thane West, Thane - 400606",Not Verified
"Ever Cool Services in Jk Gram-Thane West, Mumbai",5.0,2,"C/3 S 701, Shree Laxmi Park-1, Jk Gram-Thane West, Thane - 400606, Lokmanya Nagar 2",Not Verified
"Expert Cooling Services in Thane West, Mumbai",5.0,2,"Shop No.3, Thane West, Thane - 400601, Near Parmeshwar Mandir,Kisan Nagar No 1",Not Verified
"Aircon in Savarkar Nagar-Thane West, Mumbai",4.8,2,"Gala No. 1, Shree Sukharta Co-op Hsg, Ganesh House, Road No.33,, Savarkar Nagar-Thane West, Thane - 400606, Near Maharashtra Snack Corner",Not Verified
"Maa Ashapura Refrigeration in Manpada-Thane West, Mumbai",4.8,2,"Manorama Nagar, Near If Stlyo Men's Wear, Manpada-Thane West, Thane - 400607, Ghodbandar",Not Verified
"Fortune Hvac Pvt Ltd in Majiwada, Mumbai",4.5,2,"HIGH LAND CORPORATE CENTRE, Majiwada, Thane - 400608, KAPURBAWDI JUNCTION",Not Verified
"National Cool Service in Naupada-Thane West, Mumbai",4.5,2,"Shop No 5, Shiv Sankalp Society, Naupada-Thane West, Thane - 400602, Sambhaji Path, Vishnu Nagar",Not Verified
"Pooja Refrigeration in Wagle Industrial Estate-Thane West, Mumbai",4.5,2,"Shirsagar Building ,Shop Nu 2, Rd No 22 , Kishan Nagar No 3, Wagle Industrial Estate-Thane West, Thane - 400604, Nr Muncipal Garden",Not Verified
"Savlon Aircon Pvt Ltd in Thane West, Mumbai",4.0,2,"402 Rajhans Nx, Station Road, Thane West, Thane - 400602, Near Goan Devi Bus Depot",Not Verified
"Swastik Enterprises (Office) in Naupada-Thane West, Mumbai",4.0,2,"Shop No 1, Ground Floor, Neelkanth Towers, Ram Maruti Road, Naupada-Thane West, Thane - 400602, Opp Bharat Corparativa Bank",Not Verified
"Sanghavi General Stores in Thane West, Mumbai",4.0,2,"Station Road, Thane West, Thane - 400601, Near Shankar Temple",Not Verified
"Jain Traders India Pvt Ltd in Naupada Thane West, Mumbai",3.5,2,"Shringapure House, Ram Maruti Rd, Naupada Thane West, Thane - 400602, Opp Raymonds, Samata Nagar",Not Verified
"ICE Berg Refrigeration Sales & Services in Wagle Industrial Estate-Thane West, Mumbai",3.5,2,"Shubh Sagun Apt, Wagle Industrial Estate-Thane West, Thane - 400604, Ramchandra Ngr No 2 Opp Gunijan Tailoring Class Vaiti Wadi",Not Verified
"F. K. Refrigeration in Rabodi-Thane West, Mumbai",3.0,2,"Shop No 1 Nazim Apartment, Shree Rang Road, Rabodi-Thane West, Thane - 400601, Opposite Old Police Station",Not Verified
"Prachi Watch & Music Centre in Thane West, Mumbai",3.0,2,"Ghodbunder Rd, Thane West, Thane - 400601, Beside Aadimaya Mandir, Chitalsar Manpada",Not Verified
"Cool Care in Thane West, Mumbai",2.8,2,"Heena, Dr,Ansari Road, Thane West, Thane - 400601, Dr,Mujeeb Khan Clinic",Not Verified
"Aditya Cooling Services in Thane West, Mumbai",2.7,2,"Shop No.9 , Sahakar Darshan Coop.Society, Kisan Nagar No.1, Dsoza Wadi, Thane West, Thane - 400604, Near Panchaparmeshwar Mandir",Not Verified
"Jagdamba Electricals Solution in Thane West, Mumbai",5.0,1,"Shop No.1,Rajaram Rawool Nagar, Chandanwadi, Noori Baba Darga Road, Thane West, Thane - 400601, Opp.Anuradha Mangal Karyalay",Not Verified
"Riya Refrigeration in Thane West, Mumbai",5.0,1,"Masan Wada, Azad Nagar No-1 Hanuman Chowk Castle Mill, Thane West, Thane - 400601, Near Shantiwan Socity",Not Verified
"dev sadan dahiya in Vrindavan Society-Thane West, Mumbai",5.0,1,"Vrindavan Road, Vrindavan Society-Thane West, Thane - 400601, Shree Rang Society",Not Verified
"Perfect cool services in Uthalsar-Thane West, Mumbai",5.0,1,"ground floor, Uthalsar-Thane West, Thane - 400601, near ashoka resutuarant",Not Verified
"Shree Amit in Thane West, Mumbai",5.0,1,"Thane West, Thane - 400601",Not Verified
"Ocean Tools in Thane West, Mumbai",5.0,1,"Shop No 15, Flora Building, Hiranandani State, Ghodbandar Rd, Thane West, Thane - 400601",Not Verified
Rkg Refrigeration & Ac Repair Services in Mumbai,5.0,1,".Wagle Estate, No 33, Thane, Mumbai, Shop No 1 Shiv .Mandir Dnyaneshwar Nagar Road, Thane - 400604",Not Verified
"Climate Control in Thane West, Mumbai",5.0,1,"Room No 503, Gajvarkar Bulding, Thane West, Thane - 400601, Opposite Kalyan Jewellers, Prabhat Nagar, Near M H High School",Not Verified
"Anukool Aircon Pvt Ltd in Naupada-thane West, Mumbai",5.0,1,"103 Meena Avenue, Sambhaji Marg, Naupada-thane West, Thane - 400602, Vishnu Nagar",Not Verified
"Devendra Yadav (Electrical Contractor) in Thane West, Mumbai",5.0,1,"Thane West, Thane - 400604, Chirag Nagar, Near Viviana Mall",Not Verified
"Evergreen Enterprises in Thane West, Mumbai",5.0,1,"Shop No 01 Ramabai Niwas opposite CIDCO bus Stop, Chendani Koliwada ,, Thane West, Thane - 400601, Near Sai baba mandir",Not Verified
"Krishna Services in Ramchandra Nagar-Thane West, Mumbai",5.0,1,"GANESH KRUPA CHAWL, KAMGAR HOSPITAL ROAD, Ramchandra Nagar-Thane West, Thane - 400604, OPP. SAI KRUPA CLASSES",Not Verified
"SAM Cool Service in Thane West, Mumbai",5.0,1,"M S House, Shivaji Nagar, Thane West, Thane - 400601, 2 Rabodi",Not Verified
"Shri Krishna Refrigeration Works in Brahmand-Thane West, Mumbai",5.0,1,"Shop No.03, GB Road, Brahmand-Thane West, Thane - 400607, Near Azad Nagar Bus Stop",Not Verified
"Aryan Ac Repair & Service in Rabodi-Thane West, Mumbai",4.5,1,"Gulshan Bakery, Second Rabodi, Noor Masjid., Rabodi-Thane West, Thane - 400601, Akash Ganga School",Not Verified
"Royal Sales And Services in Savarkar Nagar-Thane West, Mumbai",4.5,1,"Shiva Appartment Shop No 3, Road No.33, Savarkar Nagar-Thane West, Thane - 400606, Behind Veer Hospital",Not Verified
"Blessing Water Supply in Thane West, Mumbai",4.5,1,"Girija Enclave, Near Kaushlya Hospital, Opp Tulja Bhavani Mandir, Ganeshwadi, Panchpakdi, Thane(W), Ganeshwadi, Panchpakhadi, Thane West, Thane - 400601",Not Verified
"Speed Cool Refrigeration in Wagle Industrial Estate-Thane West, Mumbai",4.5,1,"Gala no.16, Road no.16/Z, Wagle Industrial Estate-Thane West, Thane - 400604, Agriculture office",Not Verified
"Siddhivinayak Engineering in Thane West, Mumbai",4.5,1,"Jay Maharastra Indra Nagar, Road No 22, Thane West, Thane - 400604, Near Josh Building",Not Verified
"Perfect  & Cool  Engineers in Naupada-Thane West, Mumbai",4.5,1,"Gajvakra Apt., Gokhale Road, Naupada-Thane West, Thane - 400602",Not Verified
"Quick Service in Wagle Industrial Estate-thane West, Mumbai",4.5,1,"Ganesh Mitra Mandal, Thane, Wagle Industrial Estate-thane West, Thane - 400604, Wagle Estate",Not Verified
"Raj Cool in Kapurbawdi-Thane West, Mumbai",4.5,1,"SHANTI NIKETAN, NALPADA, Kapurbawdi-Thane West, Thane - 400607, NEAR SAI MANDIR",Not Verified
"AC World in Thane West, Mumbai",4.0,1,"Shop No 2 Tawde Niwas, St Depot Road, Thane West, Thane - 400601, Near Thane Janta Bank, Khopat",Not Verified
"Shreeji Sales  Service in Wagle Industrial Estate-Thane West, Mumbai",4.0,1,"10/19,sant dnyaneshwar nagar, Kamgar hospital road, Wagle Industrial Estate-Thane West, Thane - 400604, Near ganesh mandir",Not Verified
"Sachins Services in Thane West, Mumbai",3.5,1,"12/4, Vijay Vilas Complex, Ghodbunder Road, Thane West, Thane - 400601, Kaversar, Behind Muchhala College",Not Verified
"A M General Maintenance in Thane West, Mumbai",3.0,1,"Thane West, Thane - 400604, Near Louis Wadi",Not Verified
"Pooja Refrigeration in Thane West, Mumbai",3.0,1,"Shop No - 3,Shri Sagar Niwas,, Road No - 22,, Thane West, Thane - 400601, Nr. Muncipal Garden,Kisan Nagar-3,",Not Verified
"Adonis Electronics Pvt Ltd in Kalwa, Mumbai",3.6,58,"1st Floor, Akshay Building, Old Mumbai Pune Road, Kalwa, Thane - 400605, Near Manisha Nagar Gate No 1, Opposite Pramila Hospital",Not Verified
"Bharat Electricals in Mulund East, Mumbai",3.2,7,"Shop No-1,JAI Bhawani Chs, Gokhale Road, Mulund East, Mumbai - 400081, Near JAI Ganesh Talkies",Not Verified
"Croma in Mulund West, Mumbai",4.0,6551,"Colour Scape, Mall Dhamaal, Dumping Road, Mulund West, Mumbai - 400080, Near Off L B S Marg, Behind Bus Depot, Near Mulund Check Naka, Opposite R Mall",Not Verified
"Reliance Digital Retail Ltd (R Mall) in Mulund West, Mumbai",3.7,445,"Shop No G 16, Ground Floor, R Mall, Lbs Marg, Mulund West, Mumbai - 400080, Near Mulund Check Naka",Not Verified
"Star Engineering Co in Mulund West, Mumbai",4.2,106,"C-6-1-1 Dakhshina Co Operative Housing Society, Mulund West, Mumbai - 400080",Not Verified
"Weather Cool Engineers in Vaishali Nagar-Mulund West, Mumbai",3.8,59,"Shop No 103 , 1st Floor , Anant Laxmi Charnbers Co-Op Housing Society, Vaishali Nagar-Mulund West, Mumbai - 400080",Not Verified
"Kala Air Cool Ac Install Repair Appliances in Kalwa, Mumbai",4.7,25,"Ac Repair In, Ac Installation Kalwa, Thane - 400605, Thane, Maharashtra 400605, India Ac Installatio, Kalwa, Thane - 400605",Not Verified
"Rajeshree Sevices in Mulund West, Mumbai",3.2,25,"92/5,Satya Bhavan, Mulund Colony, W, Mulund West, Mulund West, Mumbai - 400082, Near Ashta Hospital",Not Verified
"Dynamic Battery Service in Kalwa, Mumbai",4.7,18,"Shop No 3, Vithava, Thane Belapur Road, Kalwa, Thane - 400605, Near Trodice Choki",Not Verified
"Nikhil Comforts in Mulund West, Mumbai",3.6,18,"1, Ground Floor, Shanti Bhuvan C, Doctor R P Road, Mulund West, Mumbai - 400080, Opposite 396 Bus Stop",Not Verified
"E-Brand Care in Vitava Kalwa, Mumbai",4.5,14,"201,Laxmi Narayan Apt, Shivaji Chowk, Vitava Kalwa, Thane - 400605, Bandarpada",Verified
"Raj Electricals in Mulund West, Mumbai",4.5,10,"S132 Minarva Chember, J N  Road, Mulund West, Mumbai - 400080, Behind Amantran Hotel",Verified
"Unique Cool Care in Opposite Balaji Madical Chendani Koliwada, Mumbai",4.2,10,"House No 42/43ground Floor, Mith, Sudarshan Colony, Daulat Nagar, Bandarpada Road, Thane - 400603, Opposite Balaji Madical Chendani Koliwada",Not Verified
"D S Enterprises in Kalwa, Mumbai",3.8,10,"Room No - 2, Gholai Nagar, Church Road, Kalwa, Thane - 400605, Opposite Aparna Society",Not Verified
"Global Refrigeration & Air Conditioning in Kopri Colony-Thane East, Mumbai",4.4,9,"8,Gokul Dham Society, Siddharth Nagar, Kopri Colony-Thane East, Thane - 400603, Kopri Colony",Not Verified
"Earth Cool Care Services Ac & Refrigerator Repair in Opposite Mu, Mumbai",4.9,7,"Shop No 6, , Zenith Tower, Keshv Pada, Pandit Dindayal Upadhyay Marg, Mumbai - 400080, Opposite Mu",Not Verified
"Brothers Air Conditioning & Refrigeration Engineers in Mulund West, Mumbai",4.3,7,"Shop No. C/2, Jyoti Building, Dr Rajendra Prasad Road, Mulund West, Mumbai - 400080, Near Vardhman Nagar, Opp. Dhanlaxmi Bank",Not Verified
"Krishna AIR Cool Services in Mulund West, Mumbai",4.6,6,"Gala No. 2, Gautam Nagar, Dumping Road, Mulund West, Mumbai - 400080, Near Harmony Tower",Not Verified
"Cooling Solutions in Mulund West, Mumbai",4.5,6,"Mulund West, Mumbai - 400080",Not Verified
"Kailash Airconditioning & Refrigeration in Kalwa, Mumbai",4.3,6,"Shop Number 8 Jai Bharat Shoping Center Gandhi Nagar, Kalwa West, Kalwa, Thane - 400605, Opposite Rana Tower",Not Verified
"N S Enterprises in Mulund West, Mumbai",4.3,6,"Shop No 11, Jawar Road, Mulund West, Mumbai - 400080, Aditi Hospital",Not Verified
"Raj AIR Cool Services in Subhash Nagar, Mumbai",4.1,6,"Gala No.4, Shivashi Shopping Centre, KhalsaComp, Mumbai - 400080, Subhash Nagar",Not Verified
"Kwality Air-Tech Engineering .PVT.LTD. in Mulund East, Mumbai",4.0,6,"Shop No 1,, Shreenath L.t. Road,, Mulund East, Mumbai - 400081, Near Bank Of India. Mulun.",Verified
"Kisa Sales & Service in Mulund West, Mumbai",5.0,5,"Shop No No.2, Janki Niketan Building, Dr.R.P.Road, Mulund West, Mumbai - 400080, Near Andheri Bus Stop",Not Verified
"Arihant Airconditioners Pvt Ltd in Mulund West, Mumbai",4.7,5,"51, Shanti Industrial Estate, S  N Road, Mulund West, Mumbai - 400080, Near Tambe Nagar",Not Verified
"Star Air Car Airconditioning Service & Repairs in Mulund West, Mumbai",4.2,5,"Shop 2, New Mochi Biulding, M.G Road, Mulund West, Mumbai - 400080",Not Verified
"Naitik Aircool Enterprises in Mulund West, Mumbai",4.1,5,"Mulund Colony,Shop No 45, Guru Gobind Singh Marg, Mulund West, Mumbai - 400082, Near Sai Baba Mandir, New Rahul Nagar",Not Verified
"Alpine Refrigeration in Mulund West, Mumbai",3.7,4,"A - 130, Shanti Industrial Estate, After Tambe Nagar,, Sarojini Naidu Road, Mulund West, Mumbai - 400080, Opp. Silver Heights",Verified
"Unique Cool Care in Chandeni Koliwada-Thane East, Mumbai",5.0,3,"Shop No 154, Praful Nakhada, Mith Bandar Road, Chandeni Koliwada-Thane East, Thane - 400603, Near SIDCO Bus Depot",Verified
"Perfect Cool Services in Mulund West, Mumbai",5.0,3,"Room No.31 Pragji Sunderji Building, N S Road, Mulund West, Mumbai - 400080, Near Mulund Police Station",Not Verified
"H R K Aircool in Kalwa, Mumbai",4.2,3,"Shop No 30 Kharkar Compound, Kalwa, Thane - 400605, Near Shivaji Hospital Thane Belapur Road",Not Verified
"Bhui Refrigeration Company in Mulund West, Mumbai",3.6,3,"Ram Kunj Shop No 2-3, M G Road, Mulund West, Mumbai - 400080, Near Panch Rasta",Not Verified
"Shri Sai Care Refrigeration in Mulund Colony-Mulund West, Mumbai",5.0,2,"T/62 AMAR SINGH CHAWL, NR PIPE LINE MULUND COLONY, Mulund Colony-Mulund West, Mumbai - 400082",Not Verified
"S D Corporation in Mulund West, Mumbai",4.8,2,"Shop No 002/A, C-Wing, JAI Commercial Plaza, S L Road, Mulund West, Mumbai - 400080, Junction Of M G Road, Behind Kapol Co Operative Bank, Near Railway Station",Verified
"Go Cool Engineers in Mulund West, Mumbai",4.7,2,"Shop No. 5, Brijwasi Bhuvan, Near Achija Hotel, Valji Ladha Road, Mulund West, Mumbai - 400080, Near Hira Monghi Hospital",Not Verified
"Himgiri Refrigeration Company Pvt Ltd in Mulund West, Mumbai",4.5,2,"Gayatri Krupa, N S Road, Mulund West, Mumbai - 400080, Opposite Mulund Police Station",Not Verified
"Sartak Shah in Thane East, Mumbai",4.3,2,"Thane East, Thane - 400603",Not Verified
"Repair Solution in Mulund East, Mumbai",4.3,2,"D 2, Jai Malhar Co-operative Housing Society, Plot No 27, Mulund East, Mumbai - 400081, Near MSCB Office, Mhada Colony",Not Verified
"Thoman Industries Amtrex Airconditioner in Mulund West, Mumbai",4.0,2,"Shop 47 Veena Nagar, Lbs Marg, Mulund West, Mumbai - 400080, Near Esis Hospital",Not Verified
"Air Cool Services in Mulund West, Mumbai",3.0,2,"J N Road, Mulund West, Mumbai - 400080, NEAR MEHUL Thetor",Not Verified
"Gopal Sales Service in Kalwa, Mumbai",5.0,1,"Kharegaon, Near Parsik Bank , Dhanlaxmi Building Shop Number 3,, Kalwa, Thane - 400605",Not Verified
"V R AIR Conditioning Servicing in Kalwa, Mumbai",5.0,1,"Room No 24, Gopal Rao Nagar, Kalwa, Thane - 400605, Behind Kr Steel Company",Not Verified
"Prithvi Precision Engineering Pvt Ltd in Mulund West, Mumbai",5.0,1,"G-4 B Wing, Shri Pandit Co-Operative Housing Society, Balrajeshwar Road, Mulund West, Mumbai - 400080",Verified
"M K Enterprises in Kalwa, Mumbai",5.0,1,"flat no.004,3/9,siddhivinayak chs, station rd, Kalwa, Thane - 400605",Not Verified
"Mr Repair in Mulund West, Mumbai",5.0,1,"Shop No 7, J K Biulding, M G Road, Mulund West, Mumbai - 400080",Not Verified
"Siddhid Cooling Systems in Mulund East, Mumbai",5.0,1,"Shop No 1,Tara Darshan Bldg, L T Road, Mulund East, Mumbai - 400081, Navghar Mithagar Road",Not Verified
"Coldcel Services in Mulund West, Mumbai",5.0,1,"Shop No 2, Dubey Estate, Goshala Road, Mulund West, Mumbai - 400080, Near Mehul Cinema",Not Verified
"Professional  Manitance in Mulund East, Mumbai",4.5,1,"Bhimabai Salvi Niwas Shop No 5,Nanepada Mulund East, Mulund East, Mumbai - 400081, Near Ganpati Mandir",Not Verified
"Cool Refrigeration in Kalwa, Mumbai",4.0,1,"Shop No.1, Arunoday Building, Kalwa, Thane - 400605, Near Ravindra Bar Azad Chowk",Not Verified
"Supreme Refrigeration in Mulund West, Mumbai",3.0,1,"11, 2nd Floor, Savitri Sadan, Mulund West, Mumbai - 400080, Near Mulund Check Naka, Shivaji Nagar",Not Verified
"Trusty Air Conditioning in Mulund West, Mumbai",3.0,1,"Shop No 21, Lok Kedar, Jsd Rd, Mulund West, Mumbai - 400080",Not Verified
"Cool World in Mulund East, Mumbai",3.0,1,"2/38 N M Joshi Society, Mulund East, Mumbai - 400081, Gavanpada",Not Verified
"Napoleon AC Repairs in Mulund West, Mumbai",3.0,1,"A5, Chandraprabha Society, Devi Dayal Cross Road, Mulund West, Mumbai - 400080",Not Verified
"Gayatri Services in Airoli, Mumbai",4.8,281,"Shop 09 Jalaramashish C Co Operative Housing Society  Plot No E. 86/87, Sector No 09, Airoli, Navi Mumbai - 400708, Near Shamshan Bhomi",Not Verified
"Whitewash Air Conditioner Cleaning Service in Airoli Sector 8, Mumbai",4.9,217,"My Nest Shop No 4, Diva Goan, Airoli Sector 8, Navi Mumbai - 400708, Shiv Shankar Plaza 1",Not Verified
"Sayed Cooling Solution in Mumbra, Mumbai",4.8,128,"Shop No 02 Shyam Apt, M H Mohani Road Kausa, Mumbra, Thane - 400612, Nr M S Colllege",Not Verified
"True View in Airoli, Mumbai",3.8,85,"Shop No.7 Ajanta Sea Breeze, Plot - 8,Secor-14, Airoli, Navi Mumbai - 400708",Not Verified
"Sayed Cooling Solution in Kasarvadavali, Mumbai",4.7,77,"Shop No 02 , Pintrist Tower, Road, Kasarvadavali, Thane - 400615, Kasarvadavali",Not Verified
"Air Design Air-conditioning in Mulund West, Mumbai",4.8,75,"Amar Nagar, GGS Road, Mulund Colony, Mulund West, Mumbai - 400082, Opp. Hill Residency Building, Near Shivsena Gali, Near Highland Park",Not Verified
"S R Cooling Solutions in Airoli, Mumbai",4.8,43,"Row House No 16 Harsha CHS, Near Datta Meghne Enginerring, Airoli, Navi Mumbai - 400708",Not Verified
"Vighnahar Electronics in Airoli, Mumbai",4.2,41,"Shop No 03 , Darpan Apartment, Airoli, Navi Mumbai - 400708, Near Body Rock Gym",Not Verified
"Nikhil Comforts in Mulund East, Mumbai",3.9,33,"Ground Floor & 1st Floor, Mulund Utkarsh Co Operative Housing, Mithaghar Road, Mulund East, Mumbai - 400081, Salwe Wadi",Verified
"Durga Enterprises in Nahur, Mumbai",2.9,22,"Shop-9 Natraj Bldg  Shiv Shruti Complex, Mulund Link Road, Nahur, Mumbai - 400080, Nr Nahur Railway St",Not Verified
"Super Aircool Service in Bhandup West, Mumbai",4.8,20,"Sonapur, LBS Marg, Bhandup West, Mumbai - 400078",Not Verified
"Weather Cool Services in Mulund East, Mumbai",3.9,20,"Shop No 1, Ground Floor, Gopaldeep Height, Mithaghar Road,, Mulund East, Mumbai - 400081, Near Vpm School,",Not Verified
"Colortrack Services in Airoli, Mumbai",3.0,19,"Shop No 2, Yash Residency, Airoli, Navi Mumbai - 400708, Near Sector No 6",Not Verified
"Jomitto Enterprises in Airoli, Mumbai",4.1,16,"Shop No.5, Abhishek Chs,, Sector 9, Airoli, Airoli, Navi Mumbai - 400708, Opp. D-Mart",Not Verified
"AAI Electricals and Refrigeration Service in AIROLI SECTOR 20, Mumbai",4.2,10,"Building Priti Complex, Shop 13, Plot 8, AIROLI SECTOR 20, Navi Mumbai - 400708, Near Shani Mandir",Not Verified
"Multilink Enterprises Pvt Ltd in Mumbra, Mumbai",4.0,10,"Sangeeta Apartment, Shop No 2, Old Pune Mumbai Road, Mumbra, Thane - 400612, Near Parsik Railway Bridge",Not Verified
"Neha Cool Service in Bhandup West, Mumbai",4.3,8,"Shop No 2  Patel Compund, Bhandup Sonapur Dargha Road, Bhandup West, Mumbai - 400078, Near Bombay Hotel",Not Verified
"Air Tech Refrigeration in Mulund West, Mumbai",4.1,8,"Shop 3 Sadhna Tower, Mulund Goregaon Link Road, Mulund West, Mumbai - 400080",Not Verified
"Ashish Services in Mulund West, Mumbai",3.8,8,"E/15 Mulund Sahakar Vishva Co-operative Housing society, Nahur Road, Mulund West, Mumbai - 400080, Near Hira Nagar",Not Verified
"Malaika Appliances Pvt Ltd in Mulund West, Mumbai",4.0,7,"Gala No M 10, Minerva Chambers, Mulund Service Industrial Es, J N Road, Mulund West, Mumbai - 400080, Opposite Mehul Cinema, Next to Amantran Hotel",Not Verified
"G R Ac Repair in Bhandup West, Mumbai",4.9,6,"Shop No-1 Gully No-1 Shalimar Hotel, Dargah Cross Road, Bhandup West, Mumbai - 400078, Near Nirmal Lifestyle Signal",Not Verified
"Cooling Solutions in Mulund West, Mumbai",4.5,6,"Dubey Estate, Gaushala Road, Mulund West, Mumbai - 400080, Near Municipal School",Not Verified
"J K Enterprises in Mulund West, Mumbai",4.4,6,"Shop No. 187 Ramabai Pariwar Co. Op. HSG, J N Road, Mulund West, Mumbai - 400080, Opp. Apna Bazar ,Near Thane Janata Sahakari Bank",Not Verified
"Hi Tech Air Cool Service in Bhandup, Mumbai",4.9,5,"Chowdhari Estate, Milat Nagar, Lake Road, Sonapur, Bhandup, Mumbai - 400078",Not Verified
"Infinite Cool Care in Mumbra, Mumbai",4.7,5,"Mumbra, Thane - 400612",Not Verified
"Three Star Refrigeration in Mulund West, Mumbai",4.4,5,"Shop No 2 Goklesh Bldg, Nahur Road, Mulund West, Mumbai - 400080, Opp ST  Pius School",Not Verified
"Zaid Enterprises in Mumbra, Mumbai",3.9,5,"Mumbra, Thane - 400612, Near Silpatha",Verified
"Air Cool Engineering in Mulund West, Mumbai",3.7,5,"Shop No 3  Sadhna Tower, Mulund Goregaon Link Road, Mulund West, Mumbai - 400080, Opposite Wockhardt Hospital",Not Verified
"Zion Aircon in Bhandup West, Mumbai",4.8,4,"Shop No. 16, Anil Anant Estate ,, Bhandup West, Mumbai - 400078, Near D Bazaar Village",Not Verified
"Balaji Engineers in Mulund West, Mumbai",4.0,4,"Shop No 7, Saidham Building, P K Road Mulund, Mulund West, Mumbai - 400080, Near St Mary's Convent",Not Verified
"Vidhisha Service in Airoli, Mumbai",3.0,4,"Shop No 16, Yash Residency, Sector 6, Airoli, Navi Mumbai - 400708, Beside Heritage Hospital",Not Verified
"Vidya Aircool. in Kalwa, Mumbai",4.8,3,"Vishwakarma Nagar, Kalwa, Thane - 400605, Opposite M.R Graphics",Not Verified
"Speed Cool in Mulund Colony-Mulund West, Mumbai",4.8,3,"Shop No :- 18, E/5 Highland Park,, Commericial Plaza,, Mulund Colony-Mulund West, Mumbai - 400082, Next to Ashirvad Hospital",Not Verified
"Om Sai Works in Bhandup West, Mumbai",4.7,3,"Shop No 11, Goregaon Mulund Link Road, Bhandup West, Mumbai - 400078, Opp D- Mart",Not Verified
"Perfect Engineering Works in Kalher, Mumbai",4.7,3,"Shop No. A 1rajlaxmi Complex, Bhiwandi Rd, Kalher, Thane - 421302, Opp Durgesh Park",Not Verified
"Adarsh Refrigeration in Mulund West, Mumbai",4.5,3,"Shop No 3,Ramgadh Nagar, P K Road, Mulund West, Mumbai - 400080, Opposite Vishnu Tower",Not Verified
"I Cool Services in Kausa, Mumbai",4.5,3,"K-103, Nasheman Colony, Kausa, Thane - 400612",Not Verified
"Satyam Sales & Services in Bhandup East, Mumbai",4.5,3,"Gala No 1,Near Public Railway Bridge, Veer Savarkar Road, Bhandup East, Mumbai - 400042, Near BMC School, Bhandup Village",Not Verified
"Cool Tech in Airoli, Mumbai",4.3,3,"Shop no -15,Sai paradise chs, Sector-8A, Airoli, Navi Mumbai - 400708, Near step inn",Not Verified
"Om Sai Refrigeration in Kasarvadavali, Mumbai",4.2,3,"Gala No. 9 Shriram Chawl, Ghodbunder Road, Kasarvadavali, Thane - 400615, Near Sanghvi Hills",Not Verified
"Polfrost Aircon Pvt Ltd in Mulund West, Mumbai",5.0,2,"1/49 Raja Indl Est P K Rd, Mulund West, Mumbai - 400080",Not Verified
"Kohinoor Refrigerator in Kalher, Mumbai",5.0,2,"Shop No.2 Tare Building, Kalher Pada, Kalher, Bhiwandi - 421302, Near Krishnkunj Building",Not Verified
"Javed Ac Repair in Bhandup West, Mumbai",5.0,2,"Sonapur, Bhandup West, Mumbai - 400078",Not Verified
"Veeyem Interiors in Bhandup East, Mumbai",4.5,2,"Office 01, Pawar House, Kamal Sagar Road, Bhandup East, Mumbai - 400042",Not Verified
"Maa Bhgwati Electric Works in Kasarvadavali, Mumbai",4.3,2,"Shop No 3, Ghodbander Road, Kasarvadavali, Thane - 400615, Opposite Hypercity",Not Verified
"Gayatri Enterprises in Airoli Sector 20, Mumbai",4.0,2,"Plot Number 17/3, Shop Number 3, Suraj Enclave, Patni Road, Airoli Sector 20, Navi Mumbai - 400708, Near Sector 20 D,Near D K Tower",Not Verified
"Rainbow R K Electronics in Airoli, Mumbai",4.0,2,"Shop No.4,Mini Market,Bhoomi Raj, Sector-19, Airoli, Navi Mumbai - 400708, Opp.Bhoomi Cosla",Not Verified
"Galaxy Air Cool in Mulund West, Mumbai",2.8,2,"Shop No 6, Madani Estate, Goregoan Link Road, Mulund West, Mumbai - 400080, Behind Kohinoor Marble",Not Verified
"Meena Enterprises in Airoli, Mumbai",2.5,2,"Shop No. 1 Ganesh Market, Sector 2, Airoli, Navi Mumbai - 400708, Near Mahanagar Bank",Verified
"J K Electricals in Bhandup West, Mumbai",5.0,1,"Shop 4 Dargah Cross Road, Rajiv Gandhi Nagar, Bhandup West, Mumbai - 400078, Sonapur",Not Verified
"Bharat Service Centre in Airoli, Mumbai",5.0,1,"Shop No 5, Aakruti Appartment, Sector 20, Airoli, Navi Mumbai - 400708, Near Bank Of India",Not Verified
"Hakimi Refrigerators in Mumbra, Mumbai",5.0,1,"Ramchandra Mahal, Mumbra, Thane - 400612, Anand Koliwada, Near Bohra Masjid",Not Verified
"Nasim and Sons Electromechanical in Amrut Nagar-mumbra, Mumbai",5.0,1,"Room No 5, Lane No 3, Dargah Road, Amrut Nagar-mumbra, Thane - 400612, Opposite Baitul Noor Masjid, New Shivaji Nagar",Not Verified
"Yusuf Khan in Mumbra, Mumbai",5.0,1,"Room No 402, C Wing Appt., Rashid Compound, Charnipada Road, Mumbra, Thane - 400612, Near Petrol Pump",Not Verified
"Resham Cool in Kausa, Mumbai",5.0,1,"Shop No 4, Gulshan Apartment, Tanwar Nagar Road, Kausa, Thane - 400612, Near Kohinoor Masjid, Kausa",Not Verified
"Yeahi Cool in Airoli, Mumbai",4.0,1,"Shop No 2, Shraddha Suman Apartment, Plot No 16 D, Airoli, Navi Mumbai - 400708, Sector 20",Not Verified
"Tasco Engineering in Bhiwandi, Mumbai",4.0,1,"Shop No 1, Jaisan Pura, Bhiwandi, Bhiwandi - 421302, Behind Podul Gate Masjid",Not Verified
"Airserco Pvt Ltd in Bhandup West, Mumbai",4.0,1,"J J Metal Compound, 83 Lbs Marg, Bhandup West, Mumbai - 400078, Opposite Sangrilla Biscuit Company",Not Verified
"Technic Coil Industry in Bhandup West, Mumbai",4.0,1,"Gala #2 Shukla Bhuvan Bhandup Village Road Opp Ceat Tyre Main Gate - Nahur(W), Bhandup West, Mumbai - 400078, Opp Ceat Tyre Main Gate",Verified
"Ek Onkar Freeze in Airoli, Mumbai",4.0,1,"Shivkripa Apts,Al 5-7/2, Airoli, Navi Mumbai - 400708, Sector 5",Not Verified
"Johnson Controls India Pvt Ltd in Kanjurmarg East, Mumbai",4.4,119,"Jolly Board Tower, D Wing, 7th Floor, Lodha Complex, Kanjurmarg East, Mumbai - 400042",Not Verified
"Electro Cure in Airoli, Mumbai",3.9,60,"D-402 Yashideep Heights, Airoli, Navi Mumbai - 400708, Near Yash Paradise",Not Verified
"Majestic Cooling Services in Bhandup West, Mumbai",3.9,38,"Shop No 12 Mini Land Shopping Centre, Tank Road, Bhandup West, Mumbai - 400078",Not Verified
"Star Engineering Co in Kanjurmarg East, Mumbai",4.4,33,"Building No 1-B/6 and 8, Sai Krupa Society, Kanjurmarg East, Mumbai - 400042, Kalve Nagur",Not Verified
"Riddhi Services in Bhandup West, Mumbai",2.9,25,"408, Bmc Market Building, Station Road, Bhandup West, Mumbai - 400078, Near Dreams Mall",Not Verified
"Gandhar Refrigeration & Ac Services in Kanjurmarg East, Mumbai",4.9,24,"Sambhaji Nagar, Kanjurmarg East, Kanjurmarg East, Mumbai - 400042, Ankur Hospital",Not Verified
"Vk Shop in Bhandup West, Mumbai",5.0,22,"G67, Bmc Market, Bhandup (W, Station Road, Bhandup West, Mumbai - 400078",Not Verified
"Maha E Seva Center in Bhandup West, Mumbai",4.3,17,"Shop No. 1, K Estate Agarwal Compound Behind Mangatram Petrol, Bhandup West, Mumbai - 400078, Near Main Road",Not Verified
"Mahadev Service Centre in Airoli, Mumbai",3.3,16,"Shop No 22, Maruti Enclave Complaex, Sector 8, Airoli, Navi Mumbai - 400708, Opposite Yash Paradise",Not Verified
"Amigo Solutions in Kanjurmarg West, Mumbai",3.5,13,"Office No 2 Ground Floor New Ekta Chs Building No 11 Mmrda Complex, Station Road, Kanjurmarg West, Mumbai - 400078",Not Verified
"Kool Services in Bhandup West, Mumbai",3.9,11,"3079/3080 Bhandup Industrial Estate, Lbs Marg, Bhandup West, Mumbai - 400078, Pannalal Compound",Verified
"Rakesh Enterprises in Ghansoli, Mumbai",4.8,10,"Shop No 1 Saptashree Cooperative Housing Society, Ghansoli Village, Ghansoli, Navi Mumbai - 400701, Near Sunday Market Gaon Devi Vadi",Verified
"Majestic Cooling Solution in Bhandup West, Mumbai",4.0,10,"Shop No 12,Mini Land Shopping Centre, Tank Rd, Bhandup West, Mumbai - 400078",Verified
"R R Refrigeration in Bhandup West, Mumbai",4.5,8,"Shop No 3,Barai Estate,Munshi Mahal, Bhandup West, Mumbai - 400078, Near Ahilya Vidyalaya",Not Verified
"Om Sai Repairing Expert in Kandivali East, Mumbai",4.0,7,"Mumbai - 400076, Kandivali East",Not Verified
"Shah Cool in Airoli, Mumbai",2.7,6,"Shop No-06, Dmart, Airoli, Navi Mumbai - 400708, Near Maziddun School,Sector-8A",Not Verified
"Vailankanni Refrigeration Airconditioning Work in Bhandup West, Mumbai",4.8,4,"Bhandup West, Mumbai - 400078",Not Verified
"Chill Drop Air Conditioning & Refrigeration in Bhandup West, Mumbai",3.8,5,"Shop No 7, Above Ramesh Hotel, Goan Devi Road, Bhandup West, Mumbai - 400078, Near Hanuman Temple",Not Verified
"Patil Electrical in Ghansoli, Mumbai",4.9,4,"Shop No 1 Arjun Wadi, Ghansoli Gaw, Ghansoli, Navi Mumbai - 400701, Mina Hospital",Not Verified
"RAC Comfort in Kanjurmarg East, Mumbai",4.6,4,"2/3 PollI Dmello Chawl, Sambhaji Nagar, Kanjurmarg East, Mumbai - 400042, Near Ankur Hospital",Not Verified
"Sumit Khemani in Bhandup West, Mumbai",4.5,4,"Mahavir Universe, Lbs Road, Bhandup West, Mumbai - 400078, Opposite To Jain Mandir",Not Verified
"Shree Bhairunath in Bhandup West, Mumbai",4.3,4,"Shop no.11, Vinod Niwas, Maharashtra Nagar, Bhandup West, Mumbai - 400078, Maharashtra Nagar",Not Verified
"Mitsubishi Service Center in Rabale, Mumbai",4.1,4,"Chandra Bhaga Society, Plot No 01, Shop No 102, Rabale, Navi Mumbai - 400701, Near Patel Timber, Sector No 30A, Gothivali",Not Verified
"One Call Services (Ocs) in Near Gulab Park Market, Mumbai",5.0,3,"Rahul Apartment, A Wing, Roome No: 204,, Sharifa Road, Amrut Nagar, Thane - 400612, Near Gulab Park Market",Not Verified
"Vijay AC Services in Bhandup West, Mumbai",5.0,3,"Room No 904 Vaikunth Dham Building D Wing Jungle Mangal Road Bhandup West, Bhandup West, Mumbai - 400078",Not Verified
"Vijay Ac Services in Bhandup West, Mumbai",5.0,3,"Gautam Nagar, Gavdevi Road, Bhandup West, Mumbai - 400078, Near Ambika Hotel",Verified
"Techno Cool in Dahisar Mumbra, Mumbai",5.0,3,"B/1306, MIDC Road, Dahisar Mumbra, Thane - 400612, Opp Water Tank",Not Verified
"Om Service Centre in Kanjurmarg East, Mumbai",5.0,3,"Shop No.8, Kanjur Village Road, Kanjurmarg East, Mumbai - 400042, Near Formac Company,Nehru Nagar",Not Verified
"Gayatri Traders in Kanjurmarg East, Mumbai",4.0,3,"Shop No 7, Shukladevi Niwas, Kanjurmarg East, Mumbai - 400042, Near Rahul Motor Training School, Nehru Nagar",Verified
"Malhaar Enterprises in Bhandup West, Mumbai",3.5,3,"No. 2, Sardar Awas, Pratap Nagar, Bhandup West, Bhandup West, Mumbai - 400078",Verified
"S S Cool Service in Airoli, Mumbai",5.0,2,"Gala No. 6, Thane Belapur Road, Airoli, Navi Mumbai - 400708, Sector 1, Digha Gaon, Near Digha Masjid & Balaji Hospital, Sanjay Gandhi Nagar",Not Verified
"S H Cool Services in Airoli, Mumbai",5.0,2,",Sanjay Gandhi Nagar Thane-Belapur Road, Airoli, Navi Mumbai - 400708, Near Masjid Digha",Not Verified
"Voltas Airconditioner in Bhandup West, Mumbai",5.0,2,"SHOP NO 46 BMC MARKET BEHIND DREAMS MALL BHANDUP W, STATION ROAD BHANDUP W, Bhandup West, Mumbai - 400078, BEHIND DREAMS MALL",Not Verified
"Danish Sales & Services in Mumbra, Mumbai",5.0,2,"Shop No 14 Natural Tower Building, Bypass Road, Mumbra, Thane - 400612, Near Maaz Restaurant",Not Verified
"Diksha Sales And Service in Bhandup West, Mumbai",5.0,2,"1/2 A Bhagwan Gupta Chawl, P N Road, Bhandup West, Mumbai - 400078, Near Bpes School",Not Verified
"Ananya Traders Electrical and Hardware Stores in Diva, Mumbai",5.0,2,"D - 3, Shop No 1, Diva-Shil Road, Diva, Thane - 400612, Nirmal Nagari ,Opposite Lakshmi Residency",Not Verified
"Usha Refrigeration Services in Ghansoli, Mumbai",5.0,2,"Goan Devi Wadi, Sector-7, Ghansoli, Navi Mumbai - 400701, Near Dmart",Not Verified
"Swees Enterprises in Airoli, Mumbai",4.8,2,"Shop Number 1, Eden House, Plot Number 51, Sector 8a, Airoli, Navi Mumbai - 400708",Not Verified
"Jai Malhar Refrigerator in Bhiwandi, Mumbai",4.8,2,"Gala No.9, Purna Manav Complex, Purna, Shiv Mandir Road, Bhiwandi, Bhiwandi - 421302, Nr. Shiv Mandir",Not Verified
"Almaal Services Pvt Ltd in Bhandup West, Mumbai",4.8,2,"Dream Mall, S286, L B S Marg, Bhandup West, Mumbai - 400078, Near Railway Station",Not Verified
"Shivraj Enterprises in Diva, Mumbai",4.8,2,"Shop No 1&2b Prahlad Paradise, Ganesh Pada Rd Ganesh Nagar, Diva, Thane - 400612, Behind Ganesh Vidhya Mandir School",Not Verified
"Friends Refrigeration in Turbhe, Mumbai",4.5,2,"A-1, 108, Room No 3, Turbhe, Navi Mumbai - 400703, Near Sector 22, Near Anjuman School",Not Verified
"Aircon AC Repair And Services in Kausa, Mumbai",2.8,2,"A-302 Bilal Park, Almas Colony Road, Kausa, Thane - 400612, Near Sameen Apartment",Not Verified
"Shree Diva Electronics in Diva, Mumbai",5.0,1,"Balaram Plaza, Diva, Thane, Agasan Road, Diva, Thane - 400612, Near Diva Station,",Not Verified
"Metro Lab in Bhandup West, Mumbai",5.0,1,"GF/5,Pandavas CoOperative Housing Society, T P Road, Bhandup West, Mumbai - 400078, Near Bhandhari Bank,Nardas Nagar",Not Verified
"Sati Air Conditioning Works in Bhandup West, Mumbai",5.0,1,"4/5, Rama Niwas, Gawdevi Road, Bhandup West, Mumbai - 400078, Bhandup",Verified
"Air Engineers in Bhandup West, Mumbai",5.0,1,"B-65 Station Plaza, Station Road, Bhandup West, Mumbai - 400078",Not Verified
"Cool Engineering Star in Bhandup West, Mumbai",5.0,1,"Gala 2, Sundar Bhai Chowl, Darga Cross Road, Bhandup West, Mumbai - 400078, Sonapur",Not Verified
"S K Refrigerators in Rabale, Mumbai",5.0,1,"Geeta Watch Center, Thane Belapur Road, Rabale, Navi Mumbai - 400701, Near Rabale Naka",Not Verified
"V K Shop in Bhandup West, Mumbai",4.5,1,"1145, Bhandup Village Road, Bhandup West, Mumbai - 400078",Not Verified
"Delta in Bhandup East, Mumbai",4.0,1,"Bhandup East, Mumbai - 400042",Not Verified
"Shree Nityanand Cool Service in Bhandup West, Mumbai",3.0,1,"Shop No 1 Gulab Niketan, N E S Road, Bhandup West, Mumbai - 400078, Opp Sunil Gas Godown",Not Verified
"M K Refrigeration in Bhandup West, Mumbai",3.0,1,"Bhandup Village Road,, Bhandup West, Mumbai - 400078, Off Dutta Mandir Road,",Not Verified
"Kgn Enterprises in Kandivali East, Mumbai",3.0,1,"Akruli Road, Kandivali East, Mumbai - 400101, Damu Nagar & Laxmi Nagar, Opposite Sharda Hotel",Not Verified
"Synergy Electronics in Goregaon East, Mumbai",4.4,461,"Gala No 18/21/22, Satellite Garden, Film City Road, Goregaon East, Mumbai - 400063, Behind Satelight Tower, Phase 2",Not Verified
"H A Cooling System in Goregaon East, Mumbai",3.4,261,"Shop No 78, Ground Floor, Virani Industrial Estate, New Western Express Highway, Goregaon East, Mumbai - 400063, Near Oberoi Mall",Not Verified
"H S Engineering Works in Malad East, Mumbai",3.8,248,"Sane Rahmat Society Gala No 20, Malad East, Mumbai - 400097, Sanjay Nagar Near Pathanwadi",Not Verified
"Cooling Systems India in Borivali East, Mumbai",3.5,239,"Shop No 1, Nagravala Compound, Carter Road No 1, Borivali East, Mumbai - 400066, Near Abhudaya Bank",Not Verified
"Raja Home Appliances Repair in Kopar Khairane, Mumbai",4.8,134,"Shop No 10, Plot No 1A, Sea Queen Plaza, Kopar Khairane, Navi Mumbai - 400709, Near Kopar Khairane Station, Sector 4A",Not Verified
"Raj Air Conditioner in Kopar Khairane Sector 11, Mumbai",5.0,118,"Plot No 13/14, Shop No 1, Kopar Khairane Sector 11, Navi Mumbai - 400709, Near Police Station",Not Verified
"Samsung Service in Borivali East, Mumbai",4.1,112,"43 Vasant Villa, Kasturba Cross Road, Number 1,, Borivali East, Mumbai - 400066, Chinchpada",Not Verified
"Cool Climate in Dombivli East, Mumbai",3.8,71,"1/3 Shree Ram Swami Samarth Darshan Chawl, Dombivli East, Thane - 421201, Near Ashirwad Bunglow, P and T Colony",Not Verified
"Cool Care in Goregaon East, Mumbai",4.1,64,"A1/6 Bmc Colony,  Santosh Nagar, Film City Road, Goregaon East, Mumbai - 400065, Near Satellite Tower",Not Verified
"Repair Ki Dukan in Kandivali East, Mumbai",3.9,56,"Dimple Arked 203, Nx,, Thakur Complex, Kandivali East, Mumbai - 400101, Behind Sai Baba Mandir",Not Verified
"Rs Air Cool in Powai, Mumbai",4.7,54,"Shop No.4, Laltaprashad Industrial Zone,  Tiwari Estate JVLR Road, I.I.T Market, Powai, Mumbai - 400076, Opp. I.I.T Market Gate OR IIT Post Office",Not Verified
"A One Service Center in Silver Park-Mira Road, Mumbai",3.3,50,"Shop No 13, A Wing, Kalpataru Bldg, Silver Park-Mira Road, Thane - 401107, Opp Balaji Hotel",Not Verified
"M A Service in Gokuldham-Goregaon East, Mumbai",4.9,39,"Gala No.R-2 Kanyapada, Film City Road, Gokuldham-Goregaon East, Mumbai - 400063, Opposite Maharaja Tower",Not Verified
"Fridge Cool Services in Borivali East, Mumbai",3.7,38,"Shop 1 /B Jhaveri Bunglow Compound, Dattapada Road, Borivali East, Mumbai - 400066, Near Dattapada Subway",Not Verified
"Malaika Appliances Pvt Ltd in Powai, Mumbai",4.0,37,"Raje Shivaji Nagar, Saki Vihar Road, Powai, Mumbai - 400076, Opposite Compaq Computers, Behind Shanti Complex, Opposite L & T Gate No 7, Tung",Not Verified
"Pronto Services in Pushpa Park Malad East, Mumbai",4.4,36,"Shop No 1, Ambewadi, Near Gaon Devi Temple, Pushpa Park Malad East, Mumbai - 400097, Opposite Western Express Highway",Not Verified
"Gulam Air Conditioner Service in Dahisar, Mumbai",4.7,30,"Naaz Hotel, Akber Market, Dahisar East, Dahisar, Mumbai - 400068, Opposite W E Highway,Behind Cafe",Not Verified
"Servicezon in Goregaon East, Mumbai",4.6,30,"Shop No 3,Witt Bhatti, Goregaon East, Mumbai - 400063, Near Uttam Dawakhana, Opposite Oberoi Mall,Next to Western Express Highway,Itt Bhatti, Hanuman Tekdi",Not Verified
"S S Cooling  Service in Kopar Khairane, Mumbai",4.6,27,"Shop No 383 Sector 2, Kopar Khairane, Navi Mumbai - 400709, Near Rajdhani Sweets",Not Verified
"AC Repair Wala.Com in Dahisar, Mumbai",4.2,26,"B/44, Shanti Nagar, J S Marg, Dahisar, Mumbai - 400068",Not Verified
"Comfort Point in Malad East, Mumbai",2.5,25,"Sfurti Co Operative Housing Society 2,  Shop No 11, Kurar Road, Malad East, Mumbai - 400097, Vashet Pada, Kurar Village, Behind Sagar Height, Near Malika Bar, Papa Compound",Not Verified
"Perfect Enterprises in Kurar Village-malad East, Mumbai",4.3,21,"Room No-16, Rajaram Gupta Chawl, Appa Pada Road, Kurar Village-malad East, Mumbai - 400097, Near Aashirwad Hotel, Anmol Nagar",Not Verified
"Comfort Cooling Care in Aarey Milk Colony-Goregaon East, Mumbai",4.6,20,"Aarey Milk Colony Unit No 30, Aarey Colony Road, Morarchapada, Aarey Milk Colony-Goregaon East, Mumbai - 400065, Opposite Royal Garden Restaurant",Not Verified
"Malhar Electronics in Dombivli East, Mumbai",4.0,19,"Shop No 1 Suresh Smruti Building, Lane No 3, Rajaji Path, Dombivli East, Thane - 421201, Near Patkar College",Not Verified
"Balaji Repair Service Centre in Goregaon East, Mumbai",3.6,19,"L-35,Gokuldham Shopping Centre, Near Gokuldham Medical Centre, Goregaon East, Mumbai - 400063, Near Krishnavatika Temple",Verified
"Daikin Service Center in Kopar Khairane, Mumbai",4.2,18,"Kopar Khairane, Navi Mumbai - 400709",Not Verified
"H.R Services in Dombivli East, Mumbai",3.1,17,"Shop No 5 Royal Building, Lodha Heaven, Dombivli East, Thane - 421203, Sai Baba Temple",Not Verified
"Tinggtongg in Borivali East, Mumbai",4.0,16,"A-601 Prithvi Enclave 1, Sidharth Nagar, Borivali East, Mumbai - 400066, Broadway Cinema",Not Verified
"Happy Cooling in Vikhroli East, Mumbai",4.0,15,"Shop No 3, Group No 7, Vikhroli East, Mumbai - 400083, Near Ambedkar Hospital",Not Verified
"Pooja Electronics in Kandivali East, Mumbai",3.9,14,"Ambedkar Chowk, Kandivali East, Mumbai - 400101, Kranti Nagar",Not Verified
"Laxmi Refrigeration in Mira Road, Mumbai",2.9,14,"Shop No 13, Royal Park, M I D C Road, Mira Road, Thane - 401107, Opposite Krishna Garden",Not Verified
"Samsung Exclusive in Vishnu Nagar-dombivli West, Mumbai",3.7,13,"Shop No 2/3, Radha Building, NSS Road, Vishnu Nagar-dombivli West, Thane - 421202, Opposite Gopi Cinema, Near Saibaba Mandir",Not Verified
"DEW Point Refrigeration in IIT Powai, Mumbai",4.9,12,"Shop No.1, Holy Family House, Gokhale Nagar Road, IIT Powai, Mumbai - 400076, Near I.I.T. Market",Verified
"Hari Om Electronics Repair And Service in Dahisar, Mumbai",3.8,12,"Shop No 2, Nisarg Building, Santoshi Mata Road, Dahisar, Mumbai - 400068, Near Shiv Temple",Verified
"Marudhar Sales And Service in Borivali East, Mumbai",4.5,11,"Shop No.05, Attar Singh Hari Singh Chawl, Carter Road No 4, Borivali East, Mumbai - 400066, Opp Goyal Plaza",Not Verified
"Pratap Enterprises in Kandivali East, Mumbai",4.1,11,"Room No 6, Kailashpuri Chawl, Goandevi Road, Kandivali East, Mumbai - 400101, Near Chavan Chawl Poisar, Kajupada",Not Verified
"SAI Refrigeration in Borivali East, Mumbai",4.0,11,"Shop No 2 Thakkar Apartment, Borivali East, Mumbai - 400066, Near Ashokvan, Off Shiva Vallabh Road",Not Verified
"Classic Cooling Systems Pvt Ltd in Malad East, Mumbai",3.4,11,"Shop No A1, Anmol Heights, Malad East, Mumbai - 400097, Near Santoshi Mata Mandir,Kurar Village",Verified
"Popular Traders in Dombivli East, Mumbai",3.4,11,"Patkar Road, Dombivli East, Thane - 421201",Verified
"A Sai Service Center in Powai, Mumbai",4.9,10,"Shop B 402, Jai Co Operative Housing Society,, A S Marg, Powai, Mumbai - 400076, Near Police Station",Not Verified
"Hezron Management Services in Bhiwandi, Mumbai",4.4,10,"House No 2676 , Near Ganpati Mandir , Navi Basti, Kalyan Road, Bhiwandi, Thane - 421302, Pipeline",Not Verified
"Aakarshan Aircool in Vikhroli East, Mumbai",4.0,10,"Navjeevan Society 1/4 Haryali Village, Vikhroli East, Mumbai - 400083, Near Doctor Shah",Not Verified
"J P Electronics in Off S V Road,Opposite Sammelan Hotel, Mumbai",4.0,10,"Shop No 2 R V Estate, Bharucha Road, Mumbai - 400068, Off S V Road,Opposite Sammelan Hotel",Not Verified
"R K Refrigeration in Kashimira-Mira Road, Mumbai",4.7,9,"Shop No 2 Munshi Compound, Masjid Gali, Kashimira-Mira Road, Thane - 401107, Near Shell Petrol Pump",Not Verified
"R K Services in Borivali East, Mumbai",4.4,9,"Shop No. 02 A Wing, Shivbhavan SRA Building, Carter Road No 5, Borivali East, Mumbai - 400066, Near Neelkanth Mahadev Mandir",Verified
"Bal Ram Air Conditioners in Kandivali East, Mumbai",3.7,9,"GOKUL GARDEN SHOP NO 34, Thakur Complex, Kandivali East, Mumbai - 400101, Near Nea Ram Das Kadam Bungalow",Not Verified
"Cool Services in Mumbra, Mumbai",3.6,9,"Shop No 4, New Nasheman Building, Mumbai Pune Road, Mumbra, Thane - 400612, Near Tanvar Complex",Not Verified
"Expert Aircon Services in Dahisar, Mumbai",3.6,9,"Shop No.10, Shri Sai Shakti Nagar Chs, Building No.1, Overipada, Near Minatai Thakare Garden, Dahisa, Dahisar, Mumbai - 400068",Verified
"Snowman Airconditioning & Refrigeration Service in Malad East, Mumbai",3.6,8,"C 1, Shoppers Spot, Filmcity Road, Malad East, Mumbai - 400097, Opposite Gokuldham Police Chowky",Not Verified
"Shivam Services in Thakur Village-Kandivali East, Mumbai",3.4,8,"Shop 8, Samarth Apartment, Thakur Village-Kandivali East, Mumbai - 400101, Near Thakur College",Not Verified
"Aditya Air Cool in Kopar Khairane, Mumbai",3.2,8,"Office No 01 Plot No 265, 266 Saidham Society, Sector 19c Koparkhairane Navi Mumbai Pin, Kopar Khairane, Kopar Khairane, Navi Mumbai - 400709",Not Verified
"A2z Cooling Solutions in Mira Road, Mumbai",5.0,7,"Shop No 39, Krunal Shopping Center, East, Mumbai, Mira Road, Mira Road, Thane - 401107, Near Shams Masjid",Not Verified
"K K Air Cool Center in Malad East, Mumbai",5.0,7,"9/B, Shantidevi Chawl, Malad East, Mumbai - 400097, Kurar Village, Near Sai Baba Mandir",Not Verified
"Kool Sales in Borivali East, Mumbai",5.0,7,"Shop No 1, Premlok Building, Borivali East, Mumbai - 400066, Daulat Nagar",Not Verified
Ras Hv Ac Sarvices in Mumbai,4.7,7,"Hanuman Nagar, Daulat Nagar, Borivali (E, Sv Road, Mumbai - 400066",Not Verified
"Cool Point in Kopar Khairane Sector 19, Mumbai",4.3,7,"Shop No 2, Plot No 146/A Lake View, Near Old Ganapati Visarjan, Kopar Khairane Sector 19, Navi Mumbai - 400709",Verified
"Om Sai Repairing Expert in Kandivali East, Mumbai",4.0,7,"Shop No. 56,Kranti Nagar, Aakurli Road, Kandivali East, Mumbai - 400101",Not Verified
"Cool-tech Air Conditioning in Powai, Mumbai",3.7,7,"Shop 3 Trimurthi Sadan, Punch Kutir, Powai, Mumbai - 400076, Near hiranandani Garden",Not Verified
"Reliable Service Center in Malad East, Mumbai",3.3,7,"Shop No. 1, Hill View Biulding, Pathanwadi Road, Triveni Nagar, Pathanwadi, Kurar Village, Malad East, Mumbai - 400097, Behind Jyoti Hotel",Verified
"Starcool Services in Dombivli West, Mumbai",4.9,6,"Shankeshwar Spam, Kumbharkhan Road, Dombivli West, Thane - 421202, Near Khandwa Mandir",Not Verified
"X-pert Engineers in Powai, Mumbai",4.1,6,"#2, Ramabhai Nagar, IIT Main Gate, Powai, Powai, Mumbai - 400076, Opp- Powai English School",Not Verified
"Prompt Services in Ghansoli, Mumbai",4.0,6,"Plot No 89, Station Road, Ghansoli, Navi Mumbai - 400701, Near Progressive Apartments, Sector 6",Not Verified
"Swaraj Enterprises in Vikhroli East, Mumbai",3.9,6,"150/5B Chawl, Vikhroli East, Mumbai - 400083, Tagor Nagar, Opposite Ambedkar Hospital, Near Prakash Decorators",Not Verified
"Ace Aircon And Services R in Kandivali East, Mumbai",3.4,6,"Evershine Millennium Paradise, Building No 1, Phase 1, Markari Building, Thakur Village, Kandivali East, Mumbai - 400101",Not Verified
"Air Solutions in Dahisar, Mumbai",2.8,6,"B 508, 5th Floor, Tanishka Industrial, Diamonda CC, S V Road, Dahisar, Mumbai - 400068, Near Dahisar Petrol Pump",Not Verified
"Mahima Cool Services in Malad East, Mumbai",3.9,5,"Thakur Chawl, Rani Sati Marg, Malad East, Mumbai - 400097, Opposite Sai Krupa Hospital",Not Verified
"Magnus Engineering Services in Borivali East, Mumbai",3.9,5,"Blue Rose Industrial Estate, Datta Pada Road, Borivali East, Mumbai - 400066, Opp. W.E Highway",Not Verified
"Dilip Sonkar Service & Repairing in Borivali East, Mumbai",3.8,5,"Shop No1, Hanuman Chawl,, Borivali East, Mumbai - 400066, Behind Warisi Backery ,Devipada",Not Verified
"Jyothi Refrigeration in Malad East, Mumbai",3.4,5,"Shop No 23, Highway View Building, Kurar Village, Malad East, Mumbai - 400097, Near Shantaram Talav",Not Verified
"Dg Aircon in Borivali East, Mumbai",2.9,5,"Office No.2, R P Navalkar Chawl, Number 8, Carter Road, Borivali East, Mumbai - 400066, Opposite Shukerwadi Bus Depot",Not Verified
"Ayesha Enterprises in Malad East, Mumbai",2.8,5,"Satyam society 93/701 mhb colony, Gen Ak marg, Malad East, Mumbai - 400097, Near Relience Office",Not Verified
"Happy Cooling in Thakur Village-Kandivali East, Mumbai",5.0,4,"Shop No 5, Cross Road No 2, Thakur Village-Kandivali East, Mumbai - 400101, Near Basra Studio",Not Verified
"Rishee AC Repairing  Services and Installations in Vikhroli West, Mumbai",5.0,4,"Vikhroli West, Mumbai - 400083",Not Verified
Jai Mahakaleshwar Services in Mumbai,5.0,4,"Shop2,Keshav Bhavan, Tukaram Nagar, Dombivli East, Thane - 421201",Not Verified
"Shree Kumar Ac Works in Borivali East, Mumbai",4.9,4,"Mitrota , Shop 6, Devi Pada, Borivali East, Mumbai - 400066, New Tata Power",Not Verified
"S S Electronic in Dombivli East, Mumbai",4.9,4,"Shop No 1 Navin Deep Ganga Society, Gopal Nagar 2, Dombivli East, Thane - 421201, Near Manjunath School",Not Verified
"Om Sai Zipper in Mira Road, Mumbai",4.6,4,"Patel Complex,Shop No 1, Mira Road, Thane - 401107, Near Amar Palace,Opposite State Bank Of India",Not Verified
"Multi Tech in Borivali East, Mumbai",4.3,4,"2/002,Shiv SAI Bldg, Shiv Vallabh Road, Borivali East, Mumbai - 400066, Ashok Van",Not Verified
"Shri Chamunda Service Centre in Borivali West, Mumbai",4.3,4,"Shop No.9, Rokadia Apartment, Rokadia Lane, Borivali West, Mumbai - 400092, Next to Fitness Magic Gym",Not Verified
"Genius Service in Borivali East, Mumbai",4.0,4,"6-29, Borivali East, Mumbai - 400066, Near Police Station, Opposite Post Office, Rajendra Nagar",Not Verified
"Repair Xpert in Ghansoli, Mumbai",3.9,4,"Shop No 3, Mamta Apartment, Sector No 1, Ghansoli, Navi Mumbai - 400701, Near Ghansoli Darga Road",Not Verified
"Mumbai Cool Services in Goregaon East, Mumbai",3.8,4,"SHOP-2, Film City Road, Goregaon East, Mumbai - 400063, Near Yasodham School",Not Verified
"Uma Enterprises in Powai, Mumbai",3.4,4,"7 Ashish Bhavan, Hare Krishna Road, Powai, Mumbai - 400076, Near Gokuldham Opp Hari Om Store",Not Verified
"Siddheshwar Refrigerator & Airconditions in Kopar Khairane, Mumbai",2.9,4,"Shop No -263, Sector-17, Kopar Khairane, Navi Mumbai - 400709, Near S S - 2",Not Verified
"Bubly Creations in Malad East, Mumbai",2.6,4,"Plot No 14, Room No 34, Rosy Colony, Tank Lane, Malad East, Mumbai - 400097, Duftary Road",Not Verified
"Sufy Aircon Service in Kandivali East, Mumbai",5.0,3,"Office No 1, Barkiya Rama Compound, Damu Nagar, Akurli Road, Kandivali East, Mumbai - 400101, Near 282  Last Bus Stop",Not Verified
"Shree Krishna Refrigeration in Dahisar, Mumbai",5.0,3,"Shop No 2, Shankar Tailor Society, Shiv Vallabh Road, Dahisar, Mumbai - 400068, Off Gokul Anand Hotel",Not Verified
"Krishna Air Condition in Kandivali East, Mumbai",5.0,3,"Gokul Galaxy Shop Number 13, Kandivali East, Kandivali East, Mumbai - 400101",Not Verified
"Techno Cool Engineers in Dombivli West, Mumbai",5.0,3,"Office No 2,Building No 2,Ground Floor,Shreekalp Cooperative Housing Society, Off M G Road, Dombivli West, Thane - 421202, Near Vodafone Gallery, Near Vishnu Nagar Police Station",Not Verified
"Shree Sai Sales And Service in Kandivali East, Mumbai",4.7,3,"Shop No.1, Gaytri Compound, Thakur Complex,, Joggers Park Road,, Kandivali East, Mumbai - 400101, Near Thakur Vidya Mandir High School, Opp. Joggers Park",Not Verified
"Popular Airconditioning Repairer & Seller in Dombivli West, Mumbai",4.7,3,"Shop No. 1 Aasha Niwash Kagde Chawk, Subhash Road, Dombivli West, Thane - 421202, Near Vijaya Bank",Not Verified
"Ravi Electromach in Dombivli East, Mumbai",4.7,3,"Shop No 2 Nishigandha Society, Cross Manpada Road, Dombivli East, Thane - 421201, Near Kasturi Plaza",Not Verified
"Shaikh Engineering in Goregaon East, Mumbai",4.5,3,"Shop No 5, Western Express Highway, Goregaon East, Mumbai - 400063, Opposite Hanuman Tekhdi,Ganesh Nagar,Near Virwani Industries",Not Verified
"Nms Technologies in Goregaon East, Mumbai",4.3,3,"Office No-309, 3rd Floor,  Anjuman Co. Housing Society, Shivshahi Parkalp, Goregaon East, Mumbai - 400065, Near Mantri Park",Not Verified
"Excel Aircon in Nilje, Mumbai",4.3,3,"A-Wing Lodha Havan Gala No-303, Sakuntla Enclve, Nilje, Thane - 421204, Lodha Heaven",Not Verified
"Vikas Enterprises in Dahisar, Mumbai",4.3,3,"Diamond Industrial Estate, Dahisar East, Dahisar, Mumbai - 400068",Not Verified
"Sai Cool Services in Dahisar, Mumbai",4.3,3,"S V Road, Dahisar, Mumbai - 400068, Opp Ambawadi Police Chowky",Not Verified
"AirRef Engineers & Consultants in Ghatkopar (W), Mumbai",4.3,3,"304, MEWAD Bldg, Patanwalla Industrial Estate,, LBS Marg, Opp Shriyas Cinema,, Ghatkopar (W), Mumbai - 400083, GHATKOPAR W,",Verified
"Mahavir Steel & Home Appliance in Nilje, Mumbai",4.3,3,"Shop No 11, Chandresh Rivera,Lodha Heaven, Kalyan Shil Road, Nilje, Thane - 421204, Near Mmorial School",Not Verified
"Splendid Cools in Kandivali East, Mumbai",4.2,3,"Panchsheel Chawl, Akruli Road, Kandivali East, Mumbai - 400101, Lokhandwala, Kranti Nagar, Near Anu Dutt School",Not Verified
"Mahi Air Cool in Kopar Khairane, Mumbai",4.2,3,"shop no 746,ss2, Sector 6, Kopar Khairane, Navi Mumbai - 400709, Near Anna saheb garden",Not Verified
"Airserve Hvac Systems L L P in Borivali East, Mumbai",4.0,3,"Shop No 15, Kalpitvastu, Teenmurti, Devipada, Borivali East, Mumbai - 400066, Near Tata Power",Not Verified
"Freezking Refrigeration Engineers in Vikhroli East, Mumbai",4.0,3,"Shop 1, 1/229/3194, Vikhroli East, Mumbai - 400079, Tagore Nagar",Not Verified
"Freedom AIR Cool in Ghansoli, Mumbai",3.5,3,"Shop No 12, Plot No 231, Evrest Nagar Co Operative Housing Society, Sector-1, Ghansoli, Navi Mumbai - 400701, Near Rajendra Ashram",Not Verified
"Air Clean Care Technology in Malad East, Mumbai",3.5,3,"B-3/15, B-High way view building,, Kurrar village,, Malad East, Mumbai - 400097, Near Western Express Highway,",Verified
"We Cool Solutions in Dindoshi Malad East, Mumbai",3.3,3,"Prathibha C.H.S, Sankalp Colony, Dindoshi Malad East, Mumbai - 400097, Near NNP Colony",Not Verified
"Cool Tech Engineering in Malad East, Mumbai",3.3,3,"Saibaba Co Op Soc,Indra Nagar, Pathan Wadi, Malad East, Mumbai - 400097, Near Hanuman Mandir",Not Verified
"Unique Services in Vikhroli East, Mumbai",3.3,3,"Block No 2 Hanif Chawl, Masjid Road, Vikhroli East, Mumbai - 400083, Group No 2 Hariyali Village",Not Verified
"SSK Enterprises in Vikhroli East, Mumbai",3.3,3,"Shop No. 8/B, Tagore Nagar, Vikhroli East, Mumbai - 400079, Old Post Office",Not Verified
"A 1 Cool Service in Nilje, Mumbai",3.3,3,"Shop No. 7, Aryan Compound, Lodha Heaven, Nilje, Thane - 421204, Near Prassana Sweets",Not Verified
"Chamunda Sales & Service in Goregaon East, Mumbai",3.2,3,"Shop No 2, Nayak Shopping Centre, Goregaon East, Mumbai - 400063, Near Yashodham High School",Not Verified
"Laxmi Service Centre in Kandivali East, Mumbai",3.0,3,"Shop No 1, Gokul Regency, Kandivali East, Mumbai - 400101, Thakur Village",Not Verified
"Akash Enterprises in Vishnu Nagar-dombivli West, Mumbai",2.8,3,"Shop No 1 & 2, NAV Housing Society, M G Road, Vishnu Nagar-dombivli West, Thane - 421202, Ambika Nagar",Not Verified
"Sadguru Electronic & Aircool Service in Ashok Van-Dahisar East, Mumbai",2.5,3,"Shop No 01, Shivneri Chawl, C S Road, Ashok Van-Dahisar East, Mumbai - 400068, Near Jarimari Garden",Not Verified
"Four Star Electronics Pvt Ltd in Dahisar East, Mumbai",5.0,2,"Shop No.11, Bharkha Bldg, S V Road, Dahisar East, Mumbai - 400068, Opp. Sammelan Hotel",Not Verified
"Happy Cooling in Kandivali East, Mumbai",5.0,2,"Abinav Sosaity, Maharashtra, Kandivali East, Mumbai - 400101, Basra Studio",Not Verified
"Laxmi Refrigeration in Dahisar, Mumbai",5.0,2,"Bhagyashri Apartment Shop No 8, S N Dubey Road Dahiser E, Dahisar, Mumbai - 400068, Near Gulfam Hotel",Not Verified
"Raza Repair Service in Pathanwadi, , Mumbai",5.0,2,"Shop No. 8A, Pragati Society 2,, MHB Coloy, Rani Sati Marg,, Mumbai - 400097, Pathanwadi,",Not Verified
"S N Cool in Malad East, Mumbai",5.0,2,"Shop No 4, Yakub Chawl,, Dindoshi Nagar, Malad East, Mumbai - 400097, Near Mangal Murti Bank,",Not Verified
"Global Air Con in Goregaon East, Mumbai",5.0,2,"Mirchi Wali Chawl Shop No 31 Wheet Bhhati, Western Express Highway, Goregaon East, Mumbai - 400063, Near Oberoi Mall",Not Verified
"J.b.coolers in Kandivali East, Mumbai",4.8,2,"Bhavati Chawll,Krishpa Society, Akurli Road No1, Kandivali East, Mumbai - 400101, Nr. Kalptru Towar",Not Verified
"Saicon AC & Refrigeration Company in Vikhroli West, Mumbai",4.8,2,"14 Vijaya House, Station Road, Vikhroli West, Mumbai - 400083",Not Verified
"Afreene Air in Kashimira-Mira Road, Mumbai",4.8,2,"Shop No 7, Sai Krupa Complex, Sai Darshan Tower,, Kashimira-Mira Road, Thane - 401107, Near Hanuman Mandir, Kashigaon,",Not Verified
"Cool Services in Borivali East, Mumbai",4.5,2,"13,Laxminiwas Rajakadm Cwl 2, Sant Gora Kumbhar Marg, Borivali East, Mumbai - 400066, Vitthal Mandir",Not Verified
"Gn Refrigeration Service in Borivali East, Mumbai",4.5,2,"Room No 5,Mahimwala Chawl, Kajupada, Borivali East, Mumbai - 400066, Opposite Girishikar Appartment",Not Verified
"Airtech Engineers Koparkhairne in Kopar Khairane, Mumbai",4.5,2,"32 Laxmi Narayan Compound, Kopar Khairane, Navi Mumbai - 400709, Sector 12a",Not Verified
"Star Aircon in Kandivali East, Mumbai",4.3,2,"Shop No 55 A,EMP 72, Thakur Village, Kandivali East, Mumbai - 400101, Opp.Sunflower Bldg",Not Verified
"Jay Ambe Refrigeration in Borivali East, Mumbai",4.3,2,"Shop No.4, Gangaram Compound, Dattapada Road, Borivali East, Mumbai - 400066, Opposite Kankiya Aro Building",Not Verified
"Service Guru in Dahisar, Mumbai",4.2,2,"Shop No 3, Jhanjhariya Chawl, S V Road, Dahisar, Mumbai - 400068, Opposite Wireless Compound",Not Verified
"Pooja Enterprises Real State Services in Dombivli East, Mumbai",4.2,2,"Gowleshwar Mandir, Shree Balaji Cool & Servics, Gwing, S001, Vastu Shrusti, Socity, Shani Mandir, Dombivli East, Thane - 421203",Not Verified
"Singh A.c. in Kandivali East, Mumbai",4.0,2,"Gazawadi, Kandivali East, Mumbai - 400101",Not Verified
"Bombay Refrigeration in Borivali East, Mumbai",4.0,2,"Shop No 7 Shweta Park, Road No 2, Borivali East, Mumbai - 400066, Nr Daulat Nagar Police Station",Not Verified
"Keep Cool in Borivali West, Mumbai",4.0,2,"26/27,Borivali Shopping Centre, Chandavarkar Road, Borivali West, Mumbai - 400091, Near Rajmahal Hotel",Not Verified
"Prince Refrigeration in Kopar Khairane, Mumbai",3.8,2,"Shop No -1,Plot Not 281,Janki Smruti Bldg, Sector-19C, Kopar Khairane, Navi Mumbai - 400709, Sai Holy School",Not Verified
"Sayyed Enterprises in Kandivali East, Mumbai",3.5,2,"Shop No.81,Emp-15,Venus Building, Thakur Village, Kandivali East, Mumbai - 400101, Near Federal Bank",Not Verified
"Shiv Enterprises in Kandivali East, Mumbai",3.5,2,"C/17 Ground Floor JAI Bonanza Industrial Estate, Kandivali East, Mumbai - 400101, Ashok Nagar",Verified
"Royal Refrigeration in Kopar Khairane, Mumbai",3.5,2,"Shop No. 1 Pratap Psh, Sector 19, Kopar Khairane, Navi Mumbai - 400709, Near Old Talav",Not Verified
"Feel Cool Enterprises in Borivali East, Mumbai",3.5,2,"19, JAI Hind Colony, S V Road, Borivali East, Mumbai - 400066, Opp Daulat Nagar, Nr Gopal Puri Bldg",Not Verified
"S K Cooling Centre in Dahisar, Mumbai",3.5,2,"55/54-A, Orchid Plaza, Wingram Kuvar Road, Dahisar, Mumbai - 400068, Near Movie Gem Cinema",Not Verified
"Sailani Enterprises in Thakur Village-Kandivali East, Mumbai",3.3,2,"Shop No 5 , Jai Hanuman Society, Thakur Village-Kandivali East, Mumbai - 400101, Near Farid Estate , Janupada , Vaibhav Nagar",Not Verified
"Neelam Cool Services in Dahisar, Mumbai",3.0,2,"Shop No 11, Raj Umang 2 Building, S  N Dubey Road, Rawalpada,, Dahisar, Mumbai - 400068, Near 298 Second Last Bus Stop",Not Verified
"Comfortzone in Goregaon East, Mumbai",3.0,2,"B-56 A-404 Kapil Soc, Goregaon East, Mumbai - 400063, Gokuldham",Not Verified
"Shree Ganesh Sales & Services in Dombivli West, Mumbai",3.0,2,"Shop No.01,, Dindayal Road, Dombivli West, Thane - 421202, Near Opt. Tapasya Co.hsg.soc, Samrat Hotel",Not Verified
"Shree Siddhi Sai Enterprise in Dombivli East, Mumbai",3.0,2,"Shop No. 7 Nav Trilok CHS, Sangeeta Wadi, Dombivli East, Thane - 421201, Near Meetai Garden",Not Verified
"A M Automation in Ghansoli, Mumbai",2.8,2,"Plot No 191, Ghansoli, Navi Mumbai - 400701, Near Railway Station, Opposite More Hospital, Sector 5",Verified
"Fine AIR Services in Dombivli West, Mumbai",2.8,2,"Shop No 203 Jija Mata Mandir CHS, Subash Road, Dombivli West, Thane - 421202",Not Verified
"Ravi Services in Kopar Khairane, Mumbai",2.8,2,"Shop No -927, Sector -6, Kopar Khairane, Navi Mumbai - 400709, Near Sai Mandir",Not Verified
"Keya Electronics in Asha Nagar-Kandivali East, Mumbai",2.5,2,"Shop No1/A, 3, Ashiana Bldg, Asha Nagar-Kandivali East, Mumbai - 400101",Not Verified
