Name,Rating,Rating Count,Address,Verified
"Krishna Mobile & Laptop Repairing Center in Vashi, Mumbai",4.3,23,"Shop No-192,Harare Fantasia Business Park, Sector 30, Vashi, Navi Mumbai - 400703, Near Vashi Railway Station",Not Verified
"Croma in Vashi, Mumbai",4.1,2162,"Ground & First Floor, Plot No 26 & 27,Akshar Plaza, Palm Beach Road, Vashi, Navi Mumbai - 400703, Near Sector 19 C",Not Verified
"Goodluck Service Center in Vashi, Mumbai",3.9,1411,"Shop No 6, SAI Prem Building, Vashi, Navi Mumbai - 400703, Sector 14",Not Verified
"Shree Sai Electronics in Vashi Sector 5, Mumbai",3.8,1404,"Shop No F 1/11, Sagar Vihar Road, Vashi Sector 5, Navi Mumbai - 400703, Behind Ramdev Hotel",Not Verified
"TVS Electronics in Vashi, Mumbai",4.0,1202,"Unit No-S-175, Second Floor, Haware Fantasia Business Park, Plot No 47, Sanpada Road, Vashi, Navi Mumbai - 400703, Behind Inorbit Mall, Near Vashi Railway Station, Sector 30A",Not Verified
"Omkar Electronics in Vashi Sector 30a, Mumbai",4.1,1111,"Shop No S 186, Ground Floor, Plot No 47, Haware Fantasia Business Park, Vashi Sector 30a, Navi Mumbai - 400703, Near Inorbit Mall & Vashi Railway Station",Not Verified
"Reliance Mobile Store in Sanpada Sector 3, Mumbai",3.6,1088,"Shop No C 001, Sanpada Sector 3, Navi Mumbai - 400703, Sanpada Railway Station Complex",Not Verified
"A M Choudhary AIR Condition in Seawoods, Mumbai",4.0,13,"Shop No 02, Asmita Residency, Plot No 76, Sector 44A, Seawoods, Navi Mumbai - 400706, Opp Petrop Pump",Not Verified
"Sai Electronics in Govandi East, Mumbai",4.8,14,"Shop No.197/3, Lakhia House, Govandi Station Road, Govandi East, Mumbai - 400088, Opposite Police Station",Not Verified
"Cell City Mobile Shop in Airoli, Mumbai",4.1,104,"Shop No 11, Shiv Shankar Apartment, Sector 06, Airoli, Navi Mumbai - 400708, Near Axis Bank",Not Verified
"Solutions in Ghatkopar East, Mumbai",4.1,317,"Shop No 1, M G Road, Ghatkopar East, Mumbai - 400077, Near Pooja Hotel, Bhaveshwar Market",Verified
"EL Tech Solutions in Nilje, Mumbai",4.9,10,"Shop No 05 Sana Hills, Shill Mahape Road, Nilje, Thane - 421204, Behind Octroi Naka Salfiya Nagar",Verified
"Mobile Solution in Kharghar, Mumbai",4.5,51,"Shop No.5 Haware Sharmik Building, Sector No.20, Kharghar, Navi Mumbai - 410210, Near Shilp Chowk, Before Dominos Pizza",Not Verified
"Hari Om Mobile & Laptop in Kharghar, Mumbai",4.7,69,"Shop No. 12, Plot No. 7, Anmol Plaza, Sector 08, Kharghar, Navi Mumbai - 410210, Near SBI Bank",Verified
"Om Mobile in Airoli, Mumbai",5.0,23,"Shop No. 7 Mohit Chs, Sector 2., Airoli, Airoli, Navi Mumbai - 400708, Datta Meghe World Academy-Airoli",Not Verified
"Chamunda Electronics in Bhandup West, Mumbai",4.0,18,"Shop No 06, Karia Estate, Station Road, Bhandup West, Mumbai - 400078, Near Municipal Chawl Near Bhandup Plaza",Verified
"Mayur Sales & Service in Mulund West, Mumbai",4.2,51,"Shop No 2, 3 and 4, Jivaram Bhuvan Building, R R T Road, Mulund West, Mumbai - 400080, Opposite Lohana Mahajan Wadi, Bhaji Market",Not Verified
"Tech Zone NXT in Kurla West, Mumbai",4.9,76,"Swatantra Sanik Chawl, New Mill Road, Kurla West, Mumbai - 400070, Near Equinox Business Park, Shri Krishna Chowk",Not Verified
"Royal Mobiles in Mulund West, Mumbai",3.8,8,"A/13, Chandra Darshan, P.K Road, Mulund West, Mumbai - 400080, Next to Jalaram Sweet",Verified
"Alif Mobile Telecom Watch And Electronic in Dharavi, Mumbai",4.0,50,"Shop No 04 Chitrakut Building, 90 Feet Road, Dharavi, Mumbai - 400017, Near Citizen Hotel",Not Verified
"Alif Mobile Telecom Watch And Electronic in Dharavi, Mumbai",4.0,50,"Shop No 04 Chitrakut Building, 90 Feet Road, Dharavi, Mumbai - 400017, Near Citizen Hotel",Not Verified
"Zaman Telecom in Santacruz East, Mumbai",4.8,13,"Shop No.B-6, Khairunnisa Manzil, Nehru Road, Santacruz East, Mumbai - 400055, Near Vakola Church",Not Verified
"Kundan Electronics in Antop Hill, Mumbai",3.6,90,"5 Ganesh Society, S M Road, Antop Hill, Mumbai - 400037, Near Antophill Church",Verified
"New Choice Centre in Vile Parle East, Mumbai",3.7,17,"Shop No-1/G, Kamdar Shopping Centre, S Khandekar Marg, Vile Parle East, Mumbai - 400057, Near- Girnar Tea",Verified
"Jai Ambe Electronics Service Centre in Andheri East, Mumbai",3.7,91,"Lane No 3, Sahar Road, Andheri East, Mumbai - 400069, Koldongiri",Not Verified
"Ganesh Telecom in Goregaon East, Mumbai",3.8,68,"Shop No. 1, Sumara Compound, Gen Arun Kumar Vaidhya Marg, Goregaon East, Mumbai - 400063, Opposite Bombay 63, Gokuldham, Near Dindoshi Court",Not Verified
"Mobile Point Nx & Laptop Point Sales & Services in Vile Parle West, Mumbai",3.8,524,"Shop No 1,  Next to  Alfa 5, Irla Society Road, Vile Parle West, Mumbai - 400056, Near Papillon Hotel",Not Verified
"Jamsons Car - Air Condition And Tyres in Vile Parle East, Mumbai",4.6,5,"S. No. 4, Sharda Bhavan, Nehru Road, Vile Parle East, Mumbai - 400057, Opp. Aadarsh Petrol Pump",Verified
"Jay Malhar Electronics in Near Vartak Nagar Police Station, Mumbai",4.8,3,"Nayantara Apartment, Shop No 2, Lokmanya Nagar Pada No 1, Thane - 400606, Near Vartak Nagar Police Station",Verified
"Sana Telecom in Dharavi, Mumbai",2.9,8,"B 731/1, Ground Floor, M P Nagar, Dhordwada Road, Dharavi, Mumbai - 400017, Near Qadriya Maszid",Not Verified
"Shaan Mobile in Jogeshwari West, Mumbai",4.3,9,"Shop No 2, Beside Jaffar Bhai Delhi Darbaar, S V Road, Jogeshwari West, Mumbai - 400102, Opp Ghaswalla Dairy",Not Verified
"Vijay Computers in Matunga East, Mumbai",4.2,13,"Shop Number 90/91 L B Shastri Market, L N Road, Matunga East, Mumbai - 400019, Near Matunga Central Station East",Verified
"Take Care Services in Santacruz West, Mumbai",5.0,368,"Shop No.3 Gokul Building, S V Road, Santacruz West, Mumbai - 400054, Near Milan Subway Road",Not Verified
"Mittal Enterprise in Goregaon East, Mumbai",4.0,157,"Unit No 1, Gujarat Compound, Commerce Centre, Vishweshwar Nagar Road, Goregaon East, Mumbai - 400063, Opposite ACME Amay / Idea Gallery",Not Verified
"Endservic in Jogeshwari West, Mumbai",4.0,148,"Shop No 9,Roshan Nagar S R A Chs Ltd BLdg, New Link Road,, Jogeshwari West, Mumbai - 400102, Next to Lashkaria Empress",Verified
"Realme Service Center Shakti Infotech Malad in Malad West, Mumbai",3.9,28,"Shop No 13, 2nd Floor,The Mall Shopping Centre, Station Road, Malad West, Mumbai - 400064, Opposite Malad Railway Station",Verified
"Om Sai Telecom in Dombivli East, Mumbai",3.7,3,"C/O Prakash Ahire ,Indira Nagar, Shelar Chowk, Kalyan Road,, Dombivli East, Thane - 421201, Near Shelar Chowk",Not Verified
"Divyang Mobile Repair and Services in Dombivli East, Mumbai",4.7,5,"Shop No 3, Dombiwali Station Road, Dombivli East, Thane - 421201, Near By Pooja Jewellers , Mukund Apatment ,",Not Verified
"H Tech Electronics & Solution in Thakur Village-kandivali East, Mumbai",4.9,7,"Shop No 2, Road No 5., Singh Est, Thakur Village-kandivali East, Mumbai - 400101, Near Samta Nagar Ashram Road",Not Verified
"AIR Floor System in Goregaon West, Mumbai",3.4,124,"Z-153, Kranti Building, Link Road, Goregaon West, Mumbai - 400104, Opposite Goregaon Bus Depot, Bhagat Singh Nagar No 3",Not Verified
"Appliance Repair & Service Centre in Dombivli West, Mumbai",4.0,172,"A-13, 1 St Floor, Shivranajani Co Operative Housing Society, Subhash Road, Dombivli West, Thane - 421202, Navpada",Not Verified
"Sharp Cool Services in Goregaon West, Mumbai",4.6,41,"Shop No 14, S V Road, Goregaon West, Mumbai - 400090, Near MTNL Office",Verified
"Star Cool INDIA in Andheri West, Mumbai",4.7,415,"Shop No 16, Laxkariya Building, Veera Desai Road, Andheri West, Mumbai - 400058, Near Country Club",Verified
"Quick Cool Services in Goregaon West, Mumbai",4.8,351,"Shop No 57, Link Road, Goregaon West, Mumbai - 400104, Bangur Nagar, Near Inorbit Mall",Verified
"Aastha Electronics in Kandivali East, Mumbai",4.3,7,"Gala No 18, Road No 2, Kandivali East, Mumbai - 400101, Near Thakur College",Not Verified
"Comfort Refrigeration in Prabhadevi, Mumbai",5.0,6,"Shop No.S/7, Satyam Building, Ground Floor, B.M Marg, Prabhadevi, Mumbai - 400013, Near Indiabulls 1",Not Verified
"Al Azhar Enterprises in Null Bazar, Mumbai",4.3,43,"Shop No 7,Haji Building,, 50 SVP Road, Null Bazar, Null Bazar, Mumbai - 400003, Near Hilal Saloon",Not Verified
"Fridge Cool Sevices in Tulsiwadi, Mumbai",4.0,119,"Om Building, B 2 B, Room No 814,M P Mills Compaund, M P Mills Compaund, Tulsiwadi, Mumbai - 400034, Maharshtra Nagar",Verified
"S R Service Centre in Borivali East, Mumbai",3.8,43,"Dharam Palace, Shantivan, Borivali East, Mumbai - 400066, Near National Park",Not Verified
"Mac Engineers in Andheri West, Mumbai",4.2,136,"Shop No D/5, Plot No 63, Yari Road, Andheri West, Mumbai - 400061, Near D Mart",Verified
"Jai Mataji Electronic in Thakur Complex-Kandivali East, Mumbai",4.7,15,"Shop No 13, Vasant Smruti Building, 90 Feet Road, Thakur Complex-Kandivali East, Mumbai - 400101, Near Surbhi Hotel",Verified
"Raj Electronics in Tardeo, Mumbai",3.5,53,"Room No 15, 3rd Floor, 6th Jaykunwar Bhuvan, 8th Khetwadi Lane, Tardeo, Mumbai - 400034",Not Verified
"Om Refrigeration Servicing and Repairing in Kalyan West, Mumbai",3.5,2,"Heena Garden Shop No. 19, D Wing, Pipe Line Road, Kalyan West, Kalyan - 421301, Near Wayale Sports",Not Verified
"Fly Infinity Galaxy in Fort, Mumbai",4.6,17,"25, OLYMPUS HOUSE, OPP.CST STATION ROAD STREET, Fort, Mumbai - 400001, NEAR HANDLOOM HOUSE",Verified
"Om Sai Electronics in Bhiwandi, Mumbai",5.0,42,"Shop No 2, Arun Niwas, 2nd Naigaon Gayatri Nagar Road, Bhiwandi, Bhiwandi - 421302, Opposite Axis Bank Atm",Verified
"Shree Krupa Refrigeration in Badlapur, Mumbai",4.6,30,"Chandrawal Society, Ground Floor, D P Road, Badlapur, Thane - 421503, Ghorpade Chauk,Opp Bank Of India",Not Verified
"N C Service Center in Mira Road, Mumbai",4.5,35,"Shop No.4 Miral Apt Govind Nagar, Mira Bhayander Road, Mira Road, Thane - 401107, Nr Sai Petrol Pump",Verified
"Magic Lamp in Mira Road, Mumbai",4.8,33,"Shop No-11,Cine Prime Mall, Beverly Park Kanakia Road, Mira Road, Thane - 401107",Verified
"Gaurav Mobile in Mira Road, Mumbai",4.6,24,"Shop No. 6, Building No. 67/68, Sector No.1, Shanti Nagar, Mira Road, Thane - 401107, Opposite T.M.T. Bus Stop",Verified
"Shivay Enterprises in Titwala, Mumbai",5.0,8,"Shop No. 1,, Indira Nagar Raod, Titwala, Thane - 421605, Near - Rashtriy Viddyalay",Not Verified
"CHARBHUJA TELECOM in Vasai West, Mumbai",4.4,8,"Shop No. 3, Shreeji Apartment,, Pandit Dindayal Nagar, Vasai West, Palghar - 401202, Near Bhaji Market & Ram Rahim Tower",Not Verified
"National Cool Services in Nalasopara East, Mumbai",4.9,560,"Shop No 4, Om Tirupati Apartment, Achole Road, Nalasopara East, Palghar - 401209, Near Raja Shivaji Vidyalaya",Not Verified
"Vijay Lakshmi Enterprises in Vasai East, Mumbai",4.9,11,"Shop No 4, Opposite Viva Complex, Waliv, Vasai East, Palghar - 401208, Near Shalimar Hotel",Verified
"Aadinath Electronics & Mobile Center in Nalasopara East, Mumbai",3.5,15,"Shop No 13, Sangam/B, Gagan Vihar Complex, Achole Cross Road, Nalasopara East, Palghar - 401209, Opposite Amit Dairy",Not Verified
"Bhavesh Electronics in Virar East, Mumbai",4.4,22,"204,Laxman Apartment, Manvelpada Road, Virar East, Palghar - 401305, Near Don Bosco Church",Verified
"Jyotiba Electronics and Electrical Service in Virar East, Mumbai",4.5,17,"Shop No 2, Jivdani Darshan Apartment, Chandansar Road, Virar East, Palghar - 401305, Near Old Post Office",Not Verified
"Prabhat Mobile Shop in Palghar, Mumbai",3.4,19,"Shop No 2, Bhatt Building, Mahim Road, Palghar, Palghar - 401404, Opposite Manisha Dairy & Paanch Batti",Not Verified
"Dthdeal.in(New DTH Service-Fastest Delievery) in Shahabad, Kurukshetra",4.4,230,"Floor Num -1.319/13, Idgah Road, Shahbad Markanda, Shahabad, Shahbad - 136135",Verified
"Nyasa Enterprises (Palm Beach Galleria Mall) in Vashi, Mumbai",3.9,1051,"Palm Beach Galleria Mall, Shop No 9, Palm Beach Road, Vashi, Navi Mumbai - 400703, Phase 2, Sector 19 D",Not Verified
"Oppo Service Centre in Vashi Sector 30a, Mumbai",4.4,988,"Shop No 601/602/603/604, 6th Floor, Haware Infotech Park, Vashi Sector 30a, Navi Mumbai - 400703, Near Vashi Railway Station",Not Verified
"Mobile Solution Point in Vashi, Mumbai",3.9,890,"G 95 & 96 ,Ground Floor, Nano Wing, Hawares Fantasia Business Park, Vashi, Navi Mumbai - 400703, Near Vashi Railway Station, Behind Inorbit Mall",Not Verified
"Mobile Solution Point in Vashi, Mumbai",3.9,890,"Shop No 101, C Wing , Vashi Plaza, Sector No 17, Vashi, Navi Mumbai - 400703, Near HDFC Bank",Not Verified
"Reliance Resq Ltd in Vashi, Mumbai",3.9,565,"Plot No 39/4, 2nd Floor, Maithili Signet, Vashi, Navi Mumbai - 400703, Sector 30 A, Opposite Vashi Railway Station",Not Verified
"Vashi Telecom in Vashi Sector 30a, Mumbai",4.2,527,"Shop No S 203 , Second Floor, Haware Fantasia Business Park, Vashi Sector 30a, Navi Mumbai - 400703, Next to Inorbit Mall , Near Vashi Railway Station",Not Verified
"Vivo Service Centre in Vashi Sector 30a, Mumbai",4.3,524,"Haware Fantacia Business Park, Ground Floor, Shop No 190/191, Vashi Sector 30a, Navi Mumbai - 400703, Behind Inorbit Mall",Not Verified
"Raj Mobile Shoppe in Vashi Sector 2, Mumbai",3.5,311,"SS 3/226, Vashi Sector 2, Navi Mumbai - 400703, Opposite Meghraj Cinema, Behind Nkgsb Bank",Not Verified
"New Tech Solution in Vashi Sector 17, Mumbai",2.5,304,"211, Vardhaman Market, Vashi Sector 17, Navi Mumbai - 400703, Opposite Andhra Bank",Not Verified
"Maru Mobile Gallery in Vashi, Mumbai",3.9,295,"Shop No 01, Grain Merchant Co Operative Housing Society, Vashi, Navi Mumbai - 400703, Near Mcdonalds Family Restaurant, Sector 17",Not Verified
"Techizo in Vashi, Mumbai",4.7,267,"Shop No.G-21,Bsel Tech Park,Sector 30,, Vashi, Navi Mumbai - 400703, Opposite Vashi Railway Station",Not Verified
"Alpic Electronic Service Centre in Vashi, Mumbai",3.6,233,"Plot No 88, Ground Floor, Sector No 19/ C, Vashi, Navi Mumbai - 400703, Behind Apmc Police Station",Not Verified
"Royal Electronics in Sanpada, Mumbai",4.9,126,"Shop No 5, Om Shrushti Building, Sanpada, Navi Mumbai - 400703, Sector 4, Sanpada Railway Station",Not Verified
"Shifa Electronics in Sanpada, Mumbai",4.4,111,"Shop No 13 Plot 16 Om Plaza Chs, Sector 14, Sanpada, Navi Mumbai - 400703, Near Palm Beach Road",Verified
"Manthan Services in Vashi Sector 30a, Mumbai",3.2,101,"Shop No G-202/203, Fantasia Bussiness Park, Vashi Sector 30a, Navi Mumbai - 400703, Near Inorbit Mall",Not Verified
"Deepak Cool Services in Vashi, Mumbai",4.8,81,"Shop 02, Market Shopping Center, Sector-6, Vashi, Navi Mumbai - 400703, Near Bank Of Maharashtra",Not Verified
"Marshal Refrigeration in Vashi, Mumbai",3.7,77,"Shop No 26/27, Daffodils Society, Sector 14, Vashi, Navi Mumbai - 400703, Near Gaon Devi Temple",Verified
"Guru Services & Repair in Vashi, Mumbai",3.7,74,"Shop No 4, Plot No 6, Raj Palace, Vashi, Navi Mumbai - 400703, Near Hyundai Showroom",Not Verified
"Mobile Care in Vashi, Mumbai",3.6,74,"Vashi, Navi Mumbai - 400703, Vashi Plaza",Not Verified
"Shree Service Tech in Vashi Sector 17, Mumbai",3.5,72,"Office No. 428, A- Wing, 2nd Floor, Plot No 80/81, Vashi Plaza, Sion New Panvel Highway,, Vashi Sector 17, Navi Mumbai - 400703",Not Verified
"Sunny Mobiles in Vashi, Mumbai",3.7,62,"B -3/4- 04, Sector No 2, Vashi, Navi Mumbai - 400703, Opposite Sector No 17",Not Verified
"Cooling Control Systems in Vashi, Mumbai",3.9,61,"Ganraj Chs.Plot #57/1, Shop #1, Sector 31/A, Vashi, Navi Mumbai - 400703, Datta Mandir Road",Not Verified
"Yogi Electronics in Vashi, Mumbai",4.0,52,"Shop No 29, Bombay Anexe Bldg,, Sector 17, Vashi, Navi Mumbai - 400703, Near Mc Donalds",Not Verified
"Electronics services in Vashi, Mumbai",3.9,51,"Ganesh Kripa Building, Vashi, Navi Mumbai - 400703, Juhugaon,Sector No 11",Not Verified
"The It Hub in Vashi, Mumbai",3.8,50,"B 152, Vashi Plaza, Sector 17, Vashi, Navi Mumbai - 400703, Near Aadhar Card Office",Not Verified
"Velocity Electronics in Vashi, Mumbai",4.5,49,"65, Big Splash, Vashi Turbhe Road, Vashi, Navi Mumbai - 400703, Near Sector 17",Verified
"Isha Enterprises in Sanpada Sector 1, Mumbai",3.8,49,"Shop No 4 & 5, New Satyam Apartment, Plot No 17 B, Sanpada Sector 1, Navi Mumbai - 400703",Not Verified
"Mimo Mobile in Vashi Sector 17, Mumbai",4.1,48,"Shop No 10,Anand Sagar Apartment, Abhudaya Bank Marg, Vashi Sector 17, Navi Mumbai - 400703, Near Raj Kamal Handloom",Not Verified
"Om Sai Telecom in Vashi, Mumbai",3.0,44,"Shop No 139, B Wing, Vashi Plaza, Vashi, Navi Mumbai - 400703, Sector 17",Not Verified
"Mahesh Adhav in Vashi Sector 30a, Mumbai",2.5,41,"Shop No G 182, Haware Fantasia Business Park, Plot No 47, Sector 30 A, Vashi Sector 30a, Navi Mumbai - 400703, Near Inorbit Mall",Not Verified
"Hind Telecom in Vashi Sector 17, Mumbai",4.6,38,"Shop No-C-135, Ground Floor, Vashi Plaza, Vashi Sector 17, Navi Mumbai - 400703, Near HDFC Bank",Not Verified
"The King in Vashi, Mumbai",4.0,38,"Shop Number 4, Bsel Tech Park, Opposite Vashi Station, Vashi, Navi Mumbai - 400703, Near Inorbit Mall",Not Verified
"Mak Electronics in Vashi Sector 17, Mumbai",4.3,36,"Shop No 07, Big Splash Building, Vashi Sector 17, Navi Mumbai - 400703, Near Vashi Depo, Near Waman Hari Pethe Jewellers",Not Verified
"Kinitron Electronics in Vashi, Mumbai",4.4,35,"Indraprastha Tower, Shop No 10, Plot No 11/14, Vashi Kopar Khairane Main Road, Vashi, Navi Mumbai - 400703, Opposite Shivsena Shakha, Sector No 29",Verified
"Shreeji Nx Mobile Solution in Vashi Sector 17, Mumbai",4.5,33,"Shop No 39, Mahavir Center, Palm Beach Road, Vashi Sector 17, Navi Mumbai - 400703, Near Golden Punjab Restaurant",Not Verified
"Shree Sai Electronics And Watch Center in Vashi, Mumbai",4.4,33,"Shop No.4  Lokmanya Tilak Market, Sector-1, Vashi, Navi Mumbai - 400703, Opp.Vashi Plaza-Vashi",Not Verified
"My Idea in Sanpada, Mumbai",4.1,32,"Shop No 12 Roshan House, Plot No18, Sanpada, Navi Mumbai - 400703, Sector 30, Opposite Sanpada Railway Station",Not Verified
"Mobile World in Vashi Sector 17, Mumbai",4.5,30,"Shop No 15, Ashiana Building, Sector 17 Vashi, Vashi Sector 17, Navi Mumbai - 400703, Near Idea Gallery",Verified
"Marco Refrigeration Sales in Vashi Sector 17, Mumbai",4.1,29,"Shop No-3, J.K. Chambers Vashi, Sector-17 Vashi, Vashi Sector 17, Navi Mumbai - 400703, Near Sector 17 Near Golden Punjab Hotel",Verified
"Mobi King in Vashi Sector 30a, Mumbai",5.0,24,"Shop No G-201, Haware Fantasia Business Park, Vashi Sector 30a, Navi Mumbai - 400703, Near Inorbit Mall",Verified
"Royal Chips Appliances Company in Sanpada, Mumbai",3.6,24,"Shop No 1, 2, 3 & A 3, Plot No 186, Shri Durga Apartment, 1st Floor, Office No 3, Sanpada, Navi Mumbai - 400703, Behind JUI Nagar Railway Station, Sector 10",Verified
"Krishna Enterprises in Vashi Sector 17, Mumbai",3.8,22,"Shop No-6 J K Chambers, Vashi Turbe Link Road, Vashi Sector 17, Navi Mumbai - 400703, Near State Bank Of Travancore ATM",Verified
"Ranju Trading in Vashi, Mumbai",3.7,22,"Shop No 3, Vashi, Navi Mumbai - 400703, Sector No 2, Opposite Navratna Hotel",Not Verified
"G S Enterprises in Vashi, Mumbai",3.3,22,"Shop No 13 Shantivan Bldg, Sector 11, Vashi, Navi Mumbai - 400703, Opp Neel Sidhi Tower",Verified
"Shree Electronics in Sanpada, Mumbai",3.6,20,"Shop No C 10, Shah Complex II, Sanpada, Navi Mumbai - 400703, Sector 13",Not Verified
"Om Electronics in Vashi, Mumbai",3.4,19,"Building No 3/06, Ground Floor, Vashi, Navi Mumbai - 400703, Next to New Bombay High School, Sector 1",Not Verified
"Vinayak Service Centre in Vashi, Mumbai",3.6,18,"Shop No 5,Shree Sai Krupa Building, Sector No-30/A, Vashi, Navi Mumbai - 400703, Near Pantaria Business Park",Not Verified
"Dial Service Centre in Vashi, Mumbai",3.5,18,"Office No 120 Plot No 78/79, Bawa Tower Sector 17, Vashi, Navi Mumbai - 400703",Not Verified
"Urban Services in Vashi, Mumbai",3.9,17,"B2/9, Room No 23, Sector 15, Vashi, Navi Mumbai - 400703",Not Verified
"S P Electronics in Sanpada Sector 7, Mumbai",3.9,17,"Cidco Shopping Complex, Shop No.21,, Plot No.9, Sanpada Sector 7, Navi Mumbai - 400703, Near Chaodhari Medical",Not Verified
"Bhagwati Telecom in Sanpada, Mumbai",3.3,17,"Shop No 2A,Kiosk Sanpada Railway Station Compound, Sector 3,Sanpada, Sanpada, Navi Mumbai - 400703, Opposite Sanpada Railway Station East",Not Verified
"Maxell Services in Sanpada, Mumbai",4.4,16,"Shrinath Appartment, Shop No 1 Plot No 435, Sector 5, Sanpada, Navi Mumbai - 400703",Not Verified
"A To Z Mobile  Laptop Reaping Center in Vashi, Mumbai",2.9,16,"Vashi Plaza, Sector-17,Shop No,104/D Wing, Vashi, Navi Mumbai - 400703, Apna Bazar",Not Verified
"Mobile Solution in Vashi, Mumbai",4.0,13,"Haware Fantasia Business Park, Vashi, Navi Mumbai - 400703, Near Inorbit Mall",Not Verified
"Mobile Solution in Vashi, Mumbai",4.0,13,"Shop No G 196/B , Haware Fantasia Business Park, Plot No 47, Vashi, Navi Mumbai - 400703, Near Sector 30 A",Not Verified
"Hotspot in Vashi, Mumbai",3.7,13,"Shop No 4, Plot No 80/81, A Wing, Ground Floor, Vashi Plaza, Vashi, Navi Mumbai - 400703, Sector No 17",Not Verified
"Grow More Computer Services in Vashi, Mumbai",3.3,13,"C 2/6 Unit No 03, Vashi, Navi Mumbai - 400703, Sector 2",Not Verified
"Dasmesh Airconditioning Engineers Pvt Ltd in Vashi, Mumbai",3.5,12,"Dasmesh House, Plot No 24, Vashi, Navi Mumbai - 400703, Near Sector 19 E, Opposite Annapurna Mahila Mandal",Verified
"B S Computer Service Center in Vashi Sector 17, Mumbai",3.8,11,"Shop No 29, 1st Floor, Welfare Chambers, Vashi Sector 17, Navi Mumbai - 400703",Not Verified
"Shri Siddhivinayak Machine Care in Vashi, Mumbai",3.8,11,"B 3/ 10, Shop No 2, Sector 15, Vashi, Navi Mumbai - 400703, Opposite Shabri Hotel",Not Verified
"Shrinath Mobile Store in Sanpada Sector 3, Mumbai",3.2,11,"Shop No. D-8, Kiosk, Sanpada Commercial Complex, Sanpada Sector 3, Navi Mumbai - 400703, Opp. Sanpada Railway Station",Not Verified
"Resq Services LG in Sanpada, Mumbai",2.6,11,"Shop No 2,3,4, Shree Krishana Bldg Plot No 16 Sector-14, Palm Beach Rd, Sanpada, Navi Mumbai - 400703",Not Verified
"Om CCTV Security System in Vashi, Mumbai",4.2,10,"Office No 2 Om Shree Sidhrameshwar, Sector 1, Vashi, Navi Mumbai - 400703, Opp Railway Station",Not Verified
"Om Sai Telecom in Vashi Sector 30a, Mumbai",4.1,10,"Shop No F 197, Haware Fantasia Business Park, 1st Floor, Vashi Sector 30a, Navi Mumbai - 400703, Behind Inorbit Mall",Not Verified
"Hello City Nx in Vashi, Mumbai",3.5,10,"Shop No- B1, Plot No- 48-49, Sector- 14, Vashi, Navi Mumbai - 400703, Near Gaon Devi Mandir",Not Verified
"Shiv Nirmal Aircon in Vashi, Mumbai",3.3,10,"B Type Building, Shop No 5, Sector-11, Vashi, Navi Mumbai - 400703, Near Shabri Hotel",Not Verified
"Mahalaxmi Mobile Care in Vashi Sector 30a, Mumbai",4.8,9,"Shop No G 181/c  Plot No. 47, Harare Fantasia Bussiness Park, Vashi Sector 30a, Navi Mumbai - 400703",Not Verified
"Zam Zam AIR Conditioner in Vashi, Mumbai",4.5,9,"Shiv Shakti Building,  Shop No B- 235,1st Floor, Sector 16, Vashi, Navi Mumbai - 400703, Vashi Bus Deport,Opposite Kohinoor",Not Verified
"Classic Systems in Vashi, Mumbai",4.0,9,"Bldg No 2 B3 Shop No 4, Vashi, Navi Mumbai - 400703, Next To Yes Bank Sector 2",Not Verified
"Dolphin Mobile Care in Sanpada Sector 3, Mumbai",3.9,9,"Shop No C/10, Kiohe Road, Sanpada Sector 3, Navi Mumbai - 400703, Near HDFC ATM",Not Verified
"Technotronics in Turbhe, Mumbai",3.7,9,"G-167, Onion Potato and Garlic Apmc Market, Turbhe, Navi Mumbai - 400703, Sector 18",Verified
"Vandana Electronics in Turbhe, Mumbai",3.7,9,"Shop No B 110 Janta Market, Sector 23, Turbhe, Navi Mumbai - 400703",Not Verified
"Aircare Technologies India Pvt Ltd in Sanpada, Mumbai",2.8,9,"Saikala CHS, Shop No 24,Saikala Society, Sanpada, Navi Mumbai - 400703, Near Sanpada Railway Station",Not Verified
"Nalanda Refrigeration in Vashi, Mumbai",3.9,8,"Shop No 1A, Vashi, Navi Mumbai - 400703, Near Lokmanya Tilak Market, Sector No 1",Not Verified
"Mahavir Electronic in Vashi, Mumbai",3.5,8,"Shop 27, Grain Merchants Society, Abhyudaya Bank Road, Vashi, Navi Mumbai - 400703, Near Sec 17",Not Verified
"Hs Communications Samsung Smart Cafe in Sanpada, Mumbai",4.9,7,"Shop No 14 Shree Ganesh Co Operative Housing Society, Plot No 18/A Sector 14, Sanpada, Navi Mumbai - 400703, Near Palm Beach Road",Verified
"Smartel Mobile Repairs And Services in Vashi Sector 30a, Mumbai",4.3,7,"Shop No A-181,Haware Fantasia Business Park, Sector 30A,Vashi, Vashi Sector 30a, Navi Mumbai - 400703, Beside Inorbit Mall",Not Verified
"Total mobile & gaming (Raghuleela Mall) in Vashi Sector 30a, Mumbai",4.2,7,"Ground Floor, Raghuleela Mall, Vashi Sector 30a, Navi Mumbai - 400703, Near Vashi Railway Station",Not Verified
"Cell Fix in Vashi, Mumbai",3.9,7,"Shop No G-195/B, Haware Fantasia Business Park, Sector 30, Vashi, Navi Mumbai - 400703, Near Vashi Station",Not Verified
"Sterling Equipments in Sanpada, Mumbai",3.5,7,"Shop No 1, 2, 3 & A3, Plot No 186, Shri Durga Apartment, Sanpada, Navi Mumbai - 400703, Sector No 10,  Near Juinagar Railway Station",Not Verified
"Perfect Electronics in Vashi, Mumbai",3.5,7,"J N 1 Bld 6,Shop No 1, Sector-10, Vashi, Navi Mumbai - 400703, Behind Vijaya Bank",Not Verified
"Jeetu Electricals Sales & Service in Vashi, Mumbai",3.4,7,"SS-4,Shop No. 262 Xerox Lane, Sector.2, Vashi, Navi Mumbai - 400703, Near Old MSEB Office",Not Verified
"Mahesh Sales & Services in Sanpada, Mumbai",3.1,7,"Shop No.6, Shiv Shankar 1, Plot No 2, Palm Beach Road, Sanpada, Navi Mumbai - 400703, Near Suraj Hospital, Sector 15",Not Verified
"Xpro It Innovations Pvt Ltd in Vashi Sector 17, Mumbai",4.3,6,"Shop No B 391, First Floor, Vashi Plaza, Vashi Sector 17, Navi Mumbai - 400703",Not Verified
"New City Mobile & Repairing Centre in Vashi, Mumbai",4.3,6,"Big Splash Building Shop No-52, Sector No.17, Vashi, Navi Mumbai - 400703, Near Golden Punjab Hotel",Not Verified
"Shruti Electronics in Vashi Sector 15, Mumbai",3.9,6,"B 3-3, SHOP NO - 4,Near VIP Bag,, Vashi Railway Station Road, Vashi Sector 15, Navi Mumbai - 400703, Opposite Shabri Hotel, Sector-15",Not Verified
"Jay Ambe Electronics in Turbhe, Mumbai",3.8,6,"A-42, Turbhe Staion, Turbhe, Navi Mumbai - 400703, Janta Market Police Chowki,Sector 23,Janta Market",Not Verified
"Sainath Camera Repairs & Services in Vashi, Mumbai",3.8,6,"Shop No 31, A-Wing, Grd Floor, Sector 17,Vashi Plaza, Vashi, Navi Mumbai - 400703, Vashi Plaza",Not Verified
"Beekeyen Enterprises in Vashi, Mumbai",3.8,6,"17 Mahavir Milan, Vashi, Navi Mumbai - 400703, Sector 28",Not Verified
"Tekcare INDIA Pvt Ltd in Vashi Sector 1, Mumbai",2.9,6,"Millenium Business Park, Building No 2, Vashi Sector 1, Navi Mumbai - 400703",Not Verified
"Patel Toys in Vashi, Mumbai",4.5,5,"Jalaram Market , Plot No 1, Shop No 18, Sector 19 C, Vashi, Navi Mumbai - 400703, Near State Bank Of India",Verified
"Penguin Cools in Vashi, Mumbai",4.4,5,"Shop No 13 Mini Market, Sector -6, Vashi, Navi Mumbai - 400703, Behind Vin Vin Hotel, Sector 6",Not Verified
"Om Mobile Shop in Sanpada, Mumbai",4.4,5,"Shop No. KD 12, KiosCIDCO, Sector No 3,, Sanpada, Navi Mumbai - 400703, Opp.Sanpada Railway Station",Not Verified
"Impression Acs And AC Repair Service in Vashi, Mumbai",4.2,5,"Shop No. 8, Aashiana Bldg, Sector 17, Vashi, Vashi, Navi Mumbai - 400703, Opposite McDonalds",Not Verified
"Ameek Electronics in Sanpada Sector 1, Mumbai",4.2,5,"Shop No - 05,Plot No-111,Siddha Rameshwar Building, Sector -1 Sanpada, Sanpada Sector 1, Navi Mumbai - 400703, Opposite Sairaj Complex",Not Verified
"A To Z Mobile Solution in Vashi, Mumbai",3.8,5,"A -4, Nmnc Road, Vashi, Navi Mumbai - 400703, Near Sector 9, Behind Shabri Hotel",Not Verified
"Yaantra Mobile Phone Repair Service Center in Vashi, Mumbai",3.7,5,"Haware Fantasia Business Park, Gala No.F143 First Floor, West, Vashi, Vashi, Navi Mumbai - 400703",Not Verified
"Smartel Mobile Repairing in Vashi, Mumbai",3.2,5,"Shop No 19, Raikar Bhavan, Sector 17, Vashi, Navi Mumbai - 400703, Behind Green City,",Not Verified
"The Mobile Solution in Vashi Sector 17, Mumbai",4.9,4,"Shop No C 97, Vashi Plaza, Vashi Sector 17, Navi Mumbai - 400703, Near HDFC Bank and Apana Bazar",Not Verified
"Hello World in Vashi, Mumbai",4.5,4,"Shop No 53 Gr Flr Welfare Chambers, Vashi, Navi Mumbai - 400703, Sector 17",Not Verified
"Laxmi Mobile Enterprises in Turbhe, Mumbai",4.5,4,"A 2, Shop No 593, Thane Belapur Road, Turbhe, Navi Mumbai - 400703, Near Sector No 21,Turbhe MIDC",Not Verified
"Intex Technologies India Ltd in Vashi Sector 30a, Mumbai",4.5,4,"G/190, Fantasia Business Park, Vashi Sector 30a, Navi Mumbai - 400703, Near Haware And Inorbit Mall, Near Vashi Railway Station",Not Verified
"Shah Services in Sanpada, Mumbai",4.5,4,"Shop No.14, Om Palaza Society, Sanpada, Navi Mumbai - 400703, Near Palm Beach Road",Not Verified
"Amar Enterprises in Sanpada, Mumbai",4.4,4,"Shop No-8,Yashwant Tower, Sector-1,Plot No-1, Sanpada, Navi Mumbai - 400703, Next to Vashi Railway Station",Not Verified
"Tirupati Telecom in Turbhe, Mumbai",4.3,4,"Shop No 704,A/2, Sector No 21, Mafco Market Sanpada Road, Turbhe, Navi Mumbai - 400703, Opposite Delhi Darbar Resturant,Near Mfco Market",Not Verified
"Maa Mobile Shop & Electronics in Vashi, Mumbai",4.2,4,"Shop No 1 & 2, Sector 26 A, Vashi, Navi Mumbai - 400703, Near Koprigaon",Not Verified
"Maharaja Electronics in Turbhe, Mumbai",4.1,4,"Shop No-A-110 Janta Market, Sector No.23, Turbhe, Navi Mumbai - 400703, Near Sec-23,Janta Market",Not Verified
"Spark The Mobile Shoppe in Vashi, Mumbai",4.0,4,"9 Ashiana, Vashi, Navi Mumbai - 400703, Sector 17",Not Verified
"Goan Devi mobile repair shop in Vashi, Mumbai",3.9,4,"Shop no-03,plot no-148, Sector-11, Vashi, Navi Mumbai - 400703, Juju gaon",Not Verified
"Mobisol Technologies in Vashi Sector 15, Mumbai",5.0,3,"Shop No Y/3,, Vashi Sector 15, Navi Mumbai - 400703, Behind Bank Of India, Near Bata Showroom, Sambhaji Market",Not Verified
"SK Enterprises in Vashi, Mumbai",5.0,3,"Near Shiv Sena Office, Juhu Gaon Sec 11, Vashi, Navi Mumbai - 400703, Vashi",Not Verified
"Kingstar Electronics & Electrical in Turbhe MIDC, Mumbai",4.8,3,"Fizer Road, Turbhe MIDC, Navi Mumbai - 400703, Near NMMC School,Hanuman Nagar,Turbhe Naka",Not Verified
"Anand Mobile Life in Turbhe, Mumbai",4.8,3,"A-2/127,ICL Colony, Saibaba Mandir Road, Turbhe, Navi Mumbai - 400703, Near Shiv Mandir",Not Verified
"Decent Solution in Vashi, Mumbai",4.7,3,"Parnav Chamber, 77/ 80, Unit No 2, Sector No 19 C, Vashi, Navi Mumbai - 400703, Near State Bank Of India Atm",Not Verified
"Repair Xpert in Vashi, Mumbai",4.7,3,"Fantasia Business Park S 148, Opposite railway station, Vashi, Navi Mumbai - 400703",Not Verified
"Maa Nagnechi Sales & Service in Vashi, Mumbai",4.7,3,"Shop Number.1/2 Plot Number.1909, Koprigaon Vashi, Vashi, Navi Mumbai - 400703, Near Water Tank",Not Verified
"Hari Collection in Turbhe, Mumbai",4.7,3,"Shop No.3829, KKR Road, Turbhe, Navi Mumbai - 400703, Opposite Turbhe Railway Station",Not Verified
"Shree Chamunda Telecom in Vashi, Mumbai",4.5,3,"Shop No-285, Ss4, Vashi, Navi Mumbai - 400703, Near Maharashtra Bank",Not Verified
"Jitesh Electronics in Vashi, Mumbai",4.3,3,"Office No 1, Ground Floor, Fute Dharave Saikripa Society, Vashi, Navi Mumbai - 400703, Near Station West, Opposite Corp Bank",Not Verified
"Itech Solutions in Vashi Sector 1, Mumbai",4.3,3,"5, Building No. B-23, Premnath Maruti Patil Marg, Vashi Sector 1, Navi Mumbai - 400703, Near Saibaba Temple",Not Verified
"Tulsi Telecom in Turbhe, Mumbai",4.3,3,"Shop No A-2 689, Sector-21, Turbhe, Navi Mumbai - 400703, Opp to Delhi Darbar",Not Verified
"Shrinath Telecom in Sanpada Sector 13, Mumbai",4.3,3,"Shop No 10,Shivmandiri CHS,Plot No 04, Sector 13 Sanpada, Sanpada Sector 13, Navi Mumbai - 400703, Near Bodyart Gym",Not Verified
"Metro Electronics in Vashi Sector 9, Mumbai",4.2,3,"Shop No 16, Rishabh Shopping Centre, Vashi Sector 9, Navi Mumbai - 400703, Opposite Fr. Agnel School",Not Verified
"Shree Telecom in Vashi, Mumbai",4.2,3,"B-3,7,Shop No-0/1, Sector 15, Vashi, Navi Mumbai - 400703, Opp Shabri Hotel",Not Verified
"Magic Telecom in Vashi, Mumbai",4.2,3,"B/3 BUILDING NO 8, Shop No- 2, Sector 15, Vashi, Navi Mumbai - 400703, Opp Shabri Hotel",Not Verified
"J K Computronics in APMC Market, Mumbai",4.2,3,"106 Shalimar Building Sector No 11, APMC Market, Navi Mumbai - 400703, Opp M G Complex",Not Verified
"Jyotiraj Enterprises in Turbhe, Mumbai",4.2,3,"Shop No.109, Station Road, Turbhe, Navi Mumbai - 400703, Opposite CWC",Not Verified
"Xcellent Mobile Solutions in Vashi Sector 17, Mumbai",4.0,3,"Shop No 06,A-Wing,Vashi Plaza Ground Floor, Sector 17 Vashi, Vashi Sector 17, Navi Mumbai - 400703, Opposite Swanandi Digital House",Not Verified
"Swastik Mobile Centre Sales & Services in Sanpada, Mumbai",4.0,3,"Shop No. 9, Plot No. 18,Roshan House, Sector 30 ,sanpada (west), Sanpada, Navi Mumbai - 400703, Sanpada Railway Station",Not Verified
"Maa Nagneceya Mobile in Vashi, Mumbai",4.0,3,"Plot No 109, Sector 26, Vashi, Navi Mumbai - 400703, Kopri Gaon, Opposite Chakka Mandir",Not Verified
"My Mobile in Sanpada, Mumbai",4.0,3,"Shop No 19, Plot 9,Cidco Complex, Sector-7, Sanpada, Navi Mumbai - 400703, Near Chaudhary Medical",Not Verified
"Mahadev Mobile Accessories in Sanpada Sector 3, Mumbai",3.7,3,"Shop No. D10, CIDCO DKIOSK, Station Road Sanpada(East), Sanpada Sector 3, Navi Mumbai - 400703, Opposite Sanpada Railway Station",Not Verified
"R K Electronics in Sanpada, Mumbai",3.7,3,"Shop No 1 Plot No 175konkan Apt, Sanpada, Navi Mumbai - 400703, Near Golden Palace Hotel",Not Verified
"Laptop World in Vashi Sector 17, Mumbai",3.5,3,"Shop No 41, A-Wing Vashi Plaza,Ground Floor, Sector 17 Vashi, Vashi Sector 17, Navi Mumbai - 400703, Opposite Vashi Plaza",Verified
"Sri Ganesh Mobile And Games Accessories in Vashi, Mumbai",3.5,3,"C Wing, Shop No-104, Vashi Plaza, Sector- 17, Vashi, Navi Mumbai - 400703, Near Lense Eye Optics",Not Verified
"Shriji Electronics in Vashi, Mumbai",3.5,3,"Shop No 42 Balaji Tower Sector 30A, Vashi, Navi Mumbai - 400703, Opp Sanpada  Station",Not Verified
"Moraj Sales & Service in Sanpada Sector 15, Mumbai",3.5,3,"Shop No 8 Shiv Shankar Building 2, Sanpada Sector 15, Navi Mumbai - 400703, Near Palm Beach Road",Not Verified
"Dharma Infotech in Sanpada, Mumbai",3.5,3,"Shop NO A-10,cidco Kiosk, Sector -03 station road, Sanpada, Navi Mumbai - 400703, Opposite railway station east",Not Verified
"Western Refrigeration Company in Vashi, Mumbai",3.3,3,"Shop No 15, S 4 Sec 7, Vashi, Navi Mumbai - 400703, Near Wockhardt Hospital & Nmmt Bus Depot, Janta Market, Sector 7",Verified
"Future Plus in Vashi, Mumbai",3.3,3,"Vashi, Navi Mumbai - 400703",Not Verified
"My Choice Mobile in Vashi, Mumbai",3.3,3,"B/2/8, Shop No 13, Khandesh Enclave, Sector 15, Vashi, Navi Mumbai - 400703, Near ICICI ATM",Not Verified
"Mobile Gallery in Vashi, Mumbai",3.3,3,"Shop No 17, Vashi, Navi Mumbai - 400703, Mini Market Sector 9",Not Verified
"Weather Cool Engineer & Contract in Vashi, Mumbai",3.3,3,"416 D Persepolis Building Sector No 17, Vashi, Navi Mumbai - 400703, Above Andhara Bank",Not Verified
"Ramdev Mobile Repair & Services in Sanpada, Mumbai",3.2,3,"Shop No -8, Sector-3, Sanpada, Navi Mumbai - 400703",Not Verified
"Suyash Electronics in Vashi Sector 17, Mumbai",3.0,3,"Shop No. 33, Bombay Annexe, Sector 17, Vashi Sector 17, Navi Mumbai - 400703, Mac Donald",Not Verified
"Fazal Electronics in Vashi, Mumbai",3.0,3,"Shop No B181, Haware's Fantasia Business Park, Plot No 147, Vashi, Navi Mumbai - 400703, Opposite Apple Service Centre",Not Verified
"Dream Home Maintenance Services in Vashi, Mumbai",2.8,3,"B7,Karvana Co Operative Housing Society,Plot No45, Sector 29, Vashi, Navi Mumbai - 400703, Opp Blue Diamond Hotel",Not Verified
"New Air Cool in Turbhe, Mumbai",5.0,2,"Aishan Manzil,Plot No 37,Shop No 02, Sector No 24, Turbhe, Navi Mumbai - 400703, Turbhe Village,Near Sanpada Railway Station,Behind Shikara Hotel",Not Verified
"Dolphin Mobile Centre in Sanpada, Mumbai",5.0,2,"Shop No. C10, Sector No. 3, Sanpada, Navi Mumbai - 400703, Near Sanpada  Rly Stn. (West)",Not Verified
"Loknath Refrigeration in Vashi, Mumbai",5.0,2,"Shop No 496 Plot No 761, Vashi, Navi Mumbai - 400703, Juhu Gaon Sector 11",Not Verified
"Ramdev Mobile & Laptop in Vashi Sector 17, Mumbai",5.0,2,"Shop No-98  C- Wing Ground Floor, Vashi Plaza, Vashi Sector 17, Navi Mumbai - 400703, Near Apna Bazar",Not Verified
"Penguin Cooling in Vashi Sector 29, Mumbai",5.0,2,"Shop No 14, Plot No 62 A, Vashi Road, Vashi Sector 29, Navi Mumbai - 400703",Not Verified
"Govind Refrigeration in Sanpada, Mumbai",5.0,2,"Sector 5,Near Golden Palace Hotel, Sanpada, Navi Mumbai - 400703",Not Verified
"RHT Gallery in Sanpada, Mumbai",4.8,2,"Shop No 19, Plot Number 9, Sector 7, Sanpada, Navi Mumbai - 400703, CIDCO Shopping Complex",Not Verified
"Acme Refrigeration & Aircondition in Vashi, Mumbai",4.5,2,"Vashi, Navi Mumbai - 400703",Not Verified
"Cell Care in Vashi, Mumbai",4.5,2,"Rainbow Apt,Shop No-3, Sector-10, Vashi, Navi Mumbai - 400703, Next to Nmc Hospital",Not Verified
"Sarah Telecom in Vashi, Mumbai",4.5,2,"C Wing Shop No-103-A, Sector-17, Vashi, Navi Mumbai - 400703, Near Navratna Hotel",Not Verified
"Raj Mobile in Turbhe, Mumbai",4.5,2,"Shop No.232, Sector 23, Turbhe, Navi Mumbai - 400703, Near Janta Market",Not Verified
"Friends Refrigeration in Turbhe, Mumbai",4.5,2,"A-1, 108, Room No 3, Turbhe, Navi Mumbai - 400703, Near Sector 22, Near Anjuman School",Not Verified
"Vignesh Collection in Sanpada Sector 5, Mumbai",4.3,2,"Shop No 2, Station Road, Sanpada Sector 5, Navi Mumbai - 400703, Behind Parsik Bank",Not Verified
"Shiv Shakti Mobile in Vashi, Mumbai",4.3,2,"Shop No 158/04, Sector 11 Juhugaon, Vashi, Navi Mumbai - 400703, Opp M G Complex",Not Verified
"Sai Krupa Telecom Store in Sanpada Sector 30, Mumbai",4.3,2,"Shop No -16, Sanpada Railway Station  Road, Sanpada Sector 30, Navi Mumbai - 400703, Opp Sanpada Railway Station",Not Verified
"The Rich Mobile in Vashi, Mumbai",4.2,2,"Shop No V 1, Plot No  48/29, M G Complex, Vashi, Navi Mumbai - 400703, Sector No 14",Not Verified
"P N R Mobile Care in Vashi Sector 17, Mumbai",4.0,2,"Shop No 7, Shanti Centre, Vashi Sector 17, Navi Mumbai - 400703, Near Quality Foods",Not Verified
"Mahadev Mobile Sale & Services in Vashi, Mumbai",4.0,2,"Plot No 148/5,Shop No 5, Koparkhairane Road, Vashi, Navi Mumbai - 400703, Near Devijyot Hotel, Juhugaon, Sector 11",Not Verified
"Welcome Mobile Nx in Vashi Sector 30a, Mumbai",4.0,2,"Inside Bike Parking Near Vashi Railway Station, Vashi Sector 30a, Navi Mumbai - 400703, Opp Top 10",Not Verified
"Cool Home Engineers in Turbhe, Mumbai",4.0,2,"A/145/3. Sector - 21, Turbhe, Navi Mumbai - 400703, Near D. R. Patil Banglow. Turbhe",Not Verified
"Binny Electronics in Vashi, Mumbai",3.8,2,"Mini Market,Shop No-21, Sector-10, Vashi, Navi Mumbai - 400703, Behind Trimurti Hotel",Not Verified
"Pratham Aircon in Vashi, Mumbai",3.5,2,"B-3/0:3,, Sector-2, Vashi, Navi Mumbai - 400703, Opp. Sun Builders",Not Verified
"Trimurti Mobile & Computer Shop in Vashi Sector 17, Mumbai",3.5,2,"13/10, Kharat Mai Complex, Shop No B-2, Sector No-15, Vashi Sector 17, Navi Mumbai - 400703, Near Datt Guru Society",Not Verified
"New Shubham Mobile in Vashi, Mumbai",3.5,2,"Shop No 4, Parvati Nivas, Juhugaon, Gaondevi Road, Vashi, Navi Mumbai - 400703, Near Shiv Sena Office",Verified
"Sunny Air Cool in Sanpada Sector 1, Mumbai",3.5,2,"Sairaj Chs. Shop No.10 ,Plot No.103, Sanpada Sector 1, Navi Mumbai - 400703, Near Palm Beach Road",Not Verified
"Bharat Electronics in Vashi, Mumbai",3.3,2,"Jn 1 Bhudling 44 Shop No.B3 ,, Sector-9, Vashi, Navi Mumbai - 400703, Near Sabri Hotel",Not Verified
"Royal Services in Sanpada, Mumbai",3.3,2,"Plot No 103, Sai Raj Complex, Sanpada, Navi Mumbai - 400703, Near Raj Uday Society, Sector 1",Not Verified
"Arya Telecom in Sanpada, Mumbai",3.3,2,"K 3 B, Cidco Kiosk, Sec-3, Sanpada, Navi Mumbai - 400703, Near Sanpada Railway Stn",Not Verified
"Shree Laxmi Enterprises in Vashi, Mumbai",3.0,2,"Sc 3, Plot No 77, Vashi, Navi Mumbai - 400703, Opposite Bank Of Maharashtra, Sector 2, Near Ganesh Mandir",Not Verified
"Gaondevi Repairing Center in Vashi, Mumbai",2.8,2,"Gaondevi Complex,Shop No-3, Plot No-148,, Vashi, Navi Mumbai - 400703, Juhu Gaon, Sector",Not Verified
"Rapid Mobile Solution in Sanpada, Mumbai",2.8,2,"Shop No.1, Sector 3, Sanpada, Navi Mumbai - 400703, Near Sanpada Railway Station",Not Verified
"S R Cooling Services Pvt Ltd in Vashi, Mumbai",2.8,2,"607, 6th Floor, Vashi Infotech Park, Plot No 16, Sector 30 A, Vashi, Navi Mumbai - 400703, Behind Raghuleela Mall",Not Verified
"Trupti Electronics in Vashi, Mumbai",2.5,2,"Shiv Prerna Society, Room No B/2, Building No 25, Vashi, Navi Mumbai - 400703, Sector 9",Not Verified
"Galaxy Mobile Shop in Vashi, Mumbai",2.5,2,"Mahatama Gandhi Complex, Shop no B-3, Sector- 14, Vashi, Navi Mumbai - 400703, Near Gaon Devi Mandir",Not Verified
"Decent Mobiles (fonebazaar) in Vashi, Mumbai",5.0,1,"C 131 , Sec 17 , Vashi Palaza, Vashi, Navi Mumbai - 400703",Not Verified
"Hello Mobile Nx in Vashi, Mumbai",5.0,1,"Shop No.55/C Big Splash Chs, Sector No.17, Vashi, Navi Mumbai - 400703, Next to Golden Punjab Restaurant",Not Verified
"Nutron Agencies Vashi in APMC Market, Mumbai",5.0,1,"29 Asok Comm Cplx, APMC Market, Navi Mumbai - 400703",Not Verified
"Reliable Mobile Shop in Vashi Sector 17, Mumbai",5.0,1,"Shop No 105 C Wing Vashi Plaza, Vashi Sector 17, Navi Mumbai - 400703, Near HDFC Bank",Not Verified
"Casio Digital Shoppee in APMC Market, Mumbai",5.0,1,"13 Vardhaman Market, APMC Market, Navi Mumbai - 400703, Sector 17",Not Verified
"Hi Tek Services in Vashi, Mumbai",5.0,1,"Jn 2/19/A 2, Vashi, Navi Mumbai - 400703, Sector 10",Not Verified
"Kamlesh AC Services in Vashi, Mumbai",5.0,1,"Vashi, Navi Mumbai - 400703",Not Verified
"Delite Refrigeration Co in Vashi, Mumbai",5.0,1,"182, Ground Floor, SS Housing-III, Vashi, Navi Mumbai - 400703, Sector No 2, Opposite Railway Housing Colony",Not Verified
"Kaleshwari Mobile Shop in Vashi Sector 2, Mumbai",5.0,1,"B-3/7 03, Xerox Lane,, Sector 2, Vashi Sector 2, Navi Mumbai - 400703, Near,Vishwa Lunch Home",Not Verified
"Computer Plaza Mobile Solution in Vashi, Mumbai",5.0,1,"Shop No-137,C-Wing,Ground Floor, Sector-17, Vashi, Navi Mumbai - 400703, Near Inorbit Mall",Not Verified
"Glow Enterprises in Vashi, Mumbai",5.0,1,"Shop No 139B, B Wing, Vashi Plaza, Sector 17, Vashi, Navi Mumbai - 400703",Not Verified
"Glacier Refrigeration in Vashi, Mumbai",5.0,1,"Shop No 5,Sea Breeze, Plot No 473, Sector -11, Vashi, Navi Mumbai - 400703, Near Juhu Gaon",Not Verified
"Empire Facility Management Services in Vashi, Mumbai",5.0,1,"A-6 Green Land Society, Vashi, Navi Mumbai - 400703, Near Vashi Post Office Sector 16 A",Not Verified
"Smart Services Pvt Ltd in Vashi, Mumbai",5.0,1,"Ambience Court, Dana Bazar, Vashi, Navi Mumbai - 400703, Satara Plaza",Not Verified
"kumar technology in Vashi, Mumbai",5.0,1,"international infotech park, rly. stn., Vashi, Navi Mumbai - 400703, Vashi Railway Station",Not Verified
"Smartel Mobile Reception in Vashi, Mumbai",5.0,1,"Shop No A181 Fantasia Business Park, Vashi, Navi Mumbai - 400703, Opposite Vashi Rly Stn Vashi",Not Verified
"N M Mobile Shop in Sanpada, Mumbai",5.0,1,"Shop No.4, Opposite Sanpada Railway Station, Sanpada, Navi Mumbai - 400703, Near Sanpada Railway Station",Not Verified
"Shree Siddhivinayak in Turbhe, Mumbai",5.0,1,"Shop No.4,Tulsabai Ramdas Patil Building, Sector-21, Turbhe, Navi Mumbai - 400703, Opp D R Patil Bunglow",Not Verified
"Masum Mobile Repairing Center in Turbhe, Mumbai",5.0,1,"Shop No 27 Rabani Manzil, Sector 22, Turbhe, Navi Mumbai - 400703",Not Verified
"Manik Enterprises in Sanpada, Mumbai",5.0,1,"Shop No 8 Roshan House, Sector 30, Sanpada, Navi Mumbai - 400703",Not Verified
"Cell Care in Turbhe, Mumbai",5.0,1,"Shop No. 2, A/2-124, Sector-21, Turbhe, Navi Mumbai - 400703, Near D R Patil Bunglow",Not Verified
"Mobile Friend in Sanpada Sector 3, Mumbai",5.0,1,"Shop No K10/C, Station Road, Sanpada Sector 3, Navi Mumbai - 400703, Opposite Sanpada Rrailway Station",Not Verified
"Bhagawati Telecom New in Sanpada, Mumbai",5.0,1,"Shop No 15, Moraj Residency, Palm Beach, Sanpada, Navi Mumbai - 400703, Near Sadhu Vaswani International School",Not Verified
"Champion Electronics in Turbhe, Mumbai",5.0,1,"Shop No B 131, Janta Market, Turbhe, Navi Mumbai - 400703, Near Janta Steel",Not Verified
"Raeen Enterprises in Turbhe, Mumbai",5.0,1,"Shop No. 3680, KKR Road, Turbhe, Navi Mumbai - 400703, Near Durga Mandir",Not Verified
"Ramdev Electronic in Turbhe, Mumbai",5.0,1,"Shop No E - 35, Thane Belapur Road,, Turbhe Naka, Turbhe, Navi Mumbai - 400703",Not Verified
"Gaodevi Refrigeration in Vashi, Mumbai",4.5,1,"SaiRam Housing society, Vashi, Navi Mumbai - 400703, Ekvira Koliwada",Not Verified
"Smart Solution in Vashi, Mumbai",4.5,1,"A Wing 43 Vashi Plaza, Sector 17, Vashi, Navi Mumbai - 400703, Near Amber Hotal",Not Verified
"Shiv Mobile And Emitation in Vashi, Mumbai",4.5,1,"Shop No M64, Turbhe Store, Vashi, Navi Mumbai - 400703, Bharat Dairy",Not Verified
"E G Mobile in Vashi, Mumbai",4.5,1,"Shop No.4 Mutton Market, Sector No.6, Vashi, Navi Mumbai - 400703, Near Dena Bank",Not Verified
"3g Telecom in Turbhe, Mumbai",4.5,1,"Shop No3, Plot No A2 591,, Sector 21, Turbhe, Navi Mumbai - 400703, Near Apmc Market Road",Not Verified
"Tulsi mobile in Turbhe, Mumbai",4.5,1,"Shop no.689, Mafco road, Turbhe, Navi Mumbai - 400703, Opp.jaffar Baha",Not Verified
"Noor Mobile Repairing & Service Center in Turbhe, Mumbai",4.5,1,"A-2 Type, Shop No. 704, Sector 21, Turbhe, Navi Mumbai - 400703, Opp. Ram Laxman Tower",Not Verified
"Anushka Mobile Shop in Turbhe, Mumbai",4.5,1,"A-2,Shop No.5,Sector 20, Turbhe, Navi Mumbai - 400703, APMC Market",Not Verified
"Priyanka Mobile Shop in Vashi, Mumbai",4.5,1,"Shop No 1, Vashi, Navi Mumbai - 400703, Near Koprigaon, Sector 26 A",Not Verified
"Shrinath Mobile Zone in Sanpada Sector 4, Mumbai",4.5,1,"Shop No. 10, New Shiv Darshan Co Operative Housing Society, Station Road, Sanpada Sector 4, Navi Mumbai - 400703, Opposite Badhai Sweets",Not Verified
"City Mobile Shop in Sanpada Sector 5, Mumbai",4.5,1,"Janani Apartment,shop no.6 ,plot no.170, Sanpada Sector 5 Road, Sanpada Sector 5, Navi Mumbai - 400703, Near Golden Punjab Hotel",Not Verified
"Himanshu Air Cooler in Vashi, Mumbai",4.5,1,"House No. 1654 Sector 26A, Palm Beach Road, Vashi, navi mumbai - 400703, Near Sai Baba Mandir",Not Verified
"Prinz Engineers in Vashi, Mumbai",4.0,1,"Sector 17, Vashi, Navi Mumbai - 400703",Not Verified
"Jai Abme Electronics in Vashi, Mumbai",4.0,1,"Vashi, Navi Mumbai - 400703",Not Verified
"Priya collection and repiring center in Vashi, Mumbai",4.0,1,"Shop 20 , bombay annexe, Sector 17, Vashi, Navi Mumbai - 400703, Opposite bata showroom",Not Verified
"K-10 Mobile Shop in Vashi, Mumbai",4.0,1,"Shop No A/8,M.G Complex, Vashi, Navi Mumbai - 400703, Near Gaon Devi Mandir, Sector 14",Not Verified
"M-Tech in Vashi, Mumbai",4.0,1,"Shop No-3,Gaothan Plot, Sector-26, Vashi, Navi Mumbai - 400703, Next to Hanuman Mandir",Not Verified
"Sanpada Mobile Solution in Sanpada, Mumbai",4.0,1,"Om Sai Corner, Shop No 4, Sector 5, Sanpada, Navi Mumbai - 400703",Not Verified
"Shree Om Sai Electronics in Sanpada, Mumbai",4.0,1,"Shree Om Apartment, Plot No.7,Shop No.3, Sector 10, Sanpada, Navi Mumbai - 400703, Near Rayn International School",Not Verified
"Mobile Mechanics in Vashi, Mumbai",3.5,1,"Shop No-4, Shiv Shambhaji Market, Vashi, Navi Mumbai - 400703, Near Foto Zoom Studio",Not Verified
"Cooling Solutions in Vashi Sector 9, Mumbai",3.5,1,"JN1-3/A4, Vashi Sector 9, Navi Mumbai - 400703, Opp. Fr. Agnel Multipurpose School",Not Verified
"One Touch Mobile Solution in Vashi, Mumbai",3.5,1,"Shop No.37,Mahaveer Center, Sector.17, Vashi, Navi Mumbai - 400703, Near Golden Punjab Hotel",Not Verified
"Sudarshan Mobile Accessories in Vashi Sector 17, Mumbai",3.5,1,"Shop No.1, Traffic Iceland, Sector 17, Vashi Sector 17, Navi Mumbai - 400703, Opposite Navratna Hotel",Not Verified
"Ramdev mobile gallery NX in Vashi, Mumbai",3.5,1,"Shop No-B-3, Plot No.48/29, Sector -14, Vashi, Navi Mumbai - 400703, Near gown Devi temple",Not Verified
"Star Mobile Shop in Vashi, Mumbai",3.5,1,"Shop No 689, Vashi, Navi Mumbai - 400703, Near Mafco Retail Vegetable Market, Sector 21",Not Verified
"Abhiha Mobile Shop in Turbhe, Mumbai",3.5,1,"Shop No 1 Plot No 1, Sector 24, Turbhe, Navi Mumbai - 400703",Not Verified
"Mobile Friend Service in Sanpada, Mumbai",3.5,1,"Plot No.132, Sectoer 4, Sanpada, Navi Mumbai - 400703, Turbhe Gaon",Not Verified
"Arya Mobile Center in Turbhe, Mumbai",3.5,1,"Shop No 2 Dattaprasad, Saibaba Mandir Road, Turbhe, Navi Mumbai - 400703, Near Chirag Bar",Not Verified
"Shambhavi Mobile Shop in Turbhe, Mumbai",3.5,1,"Shop No 1, Sector 22, Turbhe, Navi Mumbai - 400703, Near Turbhe Gaon Talav",Not Verified
"Srinath Telecom in Sanpada, Mumbai",3.5,1,"Shiv Mandir, Shop Number: 10,Plot Number: 4, Sector 13, Sanpada, Navi Mumbai - 400703, Opposite Gurumahima Heights",Not Verified
"Shree Krishana Telecom in Sanpada, Mumbai",3.5,1,"Shop No. 4-B, Sanpada Commercial Complex, Sanpada, Navi Mumbai - 400703, Near Sanpada Railway Station",Not Verified
"Bhakti Collection Mobile Shop in Turbhe, Mumbai",3.5,1,"Shop No 128, Sector 20, Turbhe, Navi Mumbai - 400703, Near Om Arcade",Not Verified
"Trimurti Mobile Shop in Turbhe, Mumbai",3.5,1,"Shop no.248, Sector 23, Turbhe, Navi Mumbai - 400703, Near janta market",Not Verified
"Radikha Communication in Turbhe, Mumbai",3.5,1,"Shop no,2, Pfizer Road, Turbhe, Navi Mumbai - 400703, Near Turbhe Naka",Not Verified
"R M Computer in Sanpada, Mumbai",3.5,1,"Shop No.4,C/21, Rajiv Gandhi Road, Sanpada, Navi Mumbai - 400703, Near Rahul Hotel, Sector 5",Not Verified
"Frigcool Distributors in Vashi, Mumbai",3.0,1,"Vashi, Navi Mumbai - 400703",Not Verified
"Esmail Car AC in Vashi, Mumbai",3.0,1,"Juhi Gaon , Sector 11, Vashi, Navi Mumbai - 400703",Not Verified
"Jai Mata Di in Vashi, Mumbai",3.0,1,"Plot No.5, Vashi, Navi Mumbai - 400703",Not Verified
"Glacier Refrigeration PVT LTD in Vashi, Mumbai",3.0,1,"Shop No 4, Akshardham Bldg, Vashi, Navi Mumbai - 400703",Not Verified
"Shri SAI Enterprises in Vashi, Mumbai",3.0,1,"B/1, G/3, Vashi, Navi Mumbai - 400703, Sector No 1, Opposite Apna Bazar, Lokmanaya Tilak Market",Not Verified
"Sabir Air Cool in Vashi, Mumbai",3.0,1,"JN1/15,B-4, Sector 09, Vashi, Navi Mumbai - 400703, Opposite ST. Mary",Not Verified
"Jai Joganiya Mobile Point in Vashi, Mumbai",3.0,1,"Merchant Center,Shop No-10B, Plot No-14D,Sector-19, Vashi, Navi Mumbai - 400703, Opp APMC Market",Not Verified
"Om Services in Vashi, Mumbai",3.0,1,"Shop No-4,Plot No-62,Matoshri Apt,, Sector No-44,, Vashi, Navi Mumbai - 400703, Behind HP Petrol Pump, Next to Dena Bank,",Not Verified
"Siddhnath tv repairs in Sanpada, Mumbai",2.5,1,"shop number 2 plot number 98, suyog apartment, Sanpada, Navi Mumbai - 400703, near sevenday school",Not Verified
"S S Cooling Services in Kopar Khairane, Mumbai",4.8,92,"Shop No 316, Kopar Khairane, Navi Mumbai - 400709, Near Rajdhani Sweet, Sector 3",Not Verified
"Omkar Electronics in Kopar Khairane, Mumbai",3.8,75,"Shop No 4, Plot 17, Sec 14,, Sector 14, Kopar Khairane, Navi Mumbai - 400709, Near New Krishna Tower,",Verified
"The King Mobile Shop in Kopar Khairane, Mumbai",4.2,56,"Shop No 3, Sugandha Co-Operative Housing Society Limited, Plot.no.22, Sector.7 Nr Dmart, Kopar Khairane, Navi Mumbai - 400709, Opposite Rajpal Hospital",Not Verified
"Image Mobile in Kopar Khairane, Mumbai",4.0,38,"Shop No 1, Lucky Apartment, Plot No 91, Sector 15, Kopar Khairane, Navi Mumbai - 400709, Opposite D Mart",Not Verified
"Hasnain in New Panvel, Mumbai",4.7,17,"Nerul Navi Mumbai, New Panvel, Navi Mumbai - 410206",Not Verified
"Ankur Electronics in Kopar Khairane, Mumbai",4.4,17,"Shop No 6, Plot No 8, Sector-15, Kopar Khairane, Navi Mumbai - 400709, Near Cidco Market,Near Indira Gandhi Engineering College, Sector 15",Not Verified
"Pareek Service Centre in Kopar Khairane, Mumbai",4.2,5,"Simran Apartment, Plot No 162,, Kopar Khairane, Navi Mumbai - 400709, Near Balaji Garden, Sector 11",Not Verified
"Unique Mobile Solution in Kopar Khairane, Mumbai",4.4,4,"Shop No 4, Plot No 6, Sector 14, Kopar Khairane, Navi Mumbai - 400709, Near Dmart",Not Verified
"Al Madina Mobile Store in Kopar Khairane Sector 12, Mumbai",4.6,3,"Madina Palace, Shop No 3, Plot No E-94, Sec-12E, Koparkhairane Navi Mumbai, Sector 12, Kopar Khairane Sector 12, Navi Mumbai - 400709, Opposite Balaji Garden",Not Verified
"Sagar Electronics in Kopar Khairane, Mumbai",3.8,3,"Shop 7, Sai Darshan, Plot No 228/230, Sector 19 C, Kopar Khairane, Navi Mumbai - 400709, Near Sai Baba Mandir",Not Verified
"JSM Air Cool in Ghansoli, Mumbai",3.7,3,"Balaji Krupa, Plot No 528, Shop No 04, Ghansoli, Navi Mumbai - 400701",Not Verified
"Aps  Mobile Shop in Kopar Khairane, Mumbai",3.5,3,"Shop No-4, Sector-19B, Kopar Khairane, Navi Mumbai - 400709, Opposite Rajdhani Sweets",Not Verified
"G P Air Cooling System in Kopar Khairane, Mumbai",4.8,2,"Shop No 17, Sector No 06, Kopar Khairane, Navi Mumbai - 400709, Behind Police Station, Ganesh Market",Not Verified
"Soni Mobile Point in Bonkode-Kopar Khairane, Mumbai",4.5,2,"Shop No 1,Plot No 101,Jamuna Apartment, Sector 12 E, Bonkode-Kopar Khairane, Navi Mumbai - 400709, Near Balaji Garden",Not Verified
"New Dream Collection in Kopar Khairane, Mumbai",4.3,2,"SS-2,Shop No.263, Sector-15, Kopar Khairane, Navi Mumbai - 400709, Near Gulab Sons Dairy",Not Verified
"Shree Kheteshwar Mobile in Kopar Khairane, Mumbai",4.2,2,"Shop No 31, Fam Co-Operative Hiusing Society, Fam Complex, Sector -11, Kopar Khairane, Navi Mumbai - 400709, Near Balaji Garden",Not Verified
"Star Mobile in Kopar Khairane, Mumbai",5.0,1,"Shop no 18, Mahavir Bhakti Bldg, Sector 15, Kopar Khairane, Navi Mumbai - 400709, Near D MART",Not Verified
"Shree Mobile in Kopar Khairane, Mumbai",4.5,1,"Shop No 18 Fam Society, Sector 11, Kopar Khairane, Navi Mumbai - 400709, Near Balaji Garden",Not Verified
"Lucky Aircool in Kopar Khairane, Mumbai",4.5,1,"Kopar Khairane, Navi Mumbai - 400709",Not Verified
"Anis Telecom in Kopar Khairane, Mumbai",3.5,1,"Shop no-10, Sector-4A, Kopar Khairane, Navi Mumbai - 400709, Near Mhatre gym",Not Verified
"L J G Telecom in Kopar Khairane, Mumbai",3.5,1,"Shop No 5, Plot No 8, Sector-15, Cidco Gala, Kopar Khairane, Navi Mumbai - 400709",Not Verified
"Star Mobile Repairing Centre in Kopar Khairane, Mumbai",3.5,1,"Shop no-54, Sector-3, Kopar Khairane, Navi Mumbai - 400709, Near Shivaji Garden",Not Verified
"Unique Jp Mobile Solutions in Kopar Khairane, Mumbai",3.5,1,"Shop No. 4 Payal Co-Operative Housing Society, Sector 14, Kopar Khairane, Navi Mumbai - 400709, Near D-mart",Not Verified
"Jai Maharashtra Telecom in Kopar Khairane, Mumbai",3.5,1,"E-219 PLOT no-8, Sector-16, Kopar Khairane, Navi Mumbai - 400709, Near mini market",Not Verified
"Maatoshree sales & Service in Ghansoli, Mumbai",3.0,1,"Shop No.2, Samart Nagar, Ghansoli Gaon, Ghansoli, Navi Mumbai - 400701, Near Sai Ashirwad Hospital",Not Verified
"Chandra Mobile Service Center in Nerul, Mumbai",4.9,359,"Shop No.8, Beside Ashirwad Hospital, Sector-1, Nerul, Navi Mumbai - 400706, Near Rajiv Gandhi Bridge",Not Verified
"Om Services in Kopar Khairane, Mumbai",4.6,341,"Shop No-8A Sawan Plaza Apartment Plot No 138 Sector 19, Kopar Khairane, Navi Mumbai - 400709",Not Verified
"Om Service in Kopar Khairane, Mumbai",4.6,277,"Shop No 8A, Sawant Plaza, Plot No 138A, Sector 19A, Kopar Khairane, Navi Mumbai - 400709, Near MSEB Office",Not Verified
"Jay Ambe Sales & Services in Nerul, Mumbai",4.4,141,"Shop No 05, Janta Market, Station Road, Nerul, Navi Mumbai - 400706, Near Bus Depot, Sector No 03",Not Verified
"Raja Home Appliances Repair in Kopar Khairane, Mumbai",4.8,134,"Shop No 10, Plot No 1A, Sea Queen Plaza, Kopar Khairane, Navi Mumbai - 400709, Near Kopar Khairane Station, Sector 4A",Not Verified
"S S Service Center in Nerul, Mumbai",3.5,80,"Shop No 1, Plot No 105, Laxmi Niwas, Nerul, Navi Mumbai - 400706, Near Sector 6, Sarsole",Not Verified
"One Touch Solution in Kopar Khairane, Mumbai",4.4,52,"Shop No.2 Nanak CHS Plot No.87 Sec 6 Near ICICI Bank, Sector 6, Kopar Khairane, Navi Mumbai - 400709, Near ICICI BANK",Not Verified
"Weather Guard Aircon Pvt Ltd in Kopar Khairane, Mumbai",3.5,48,"Shop No 4 & 5, Kopar Khairane, Navi Mumbai - 400709, Sisily Park, Sector 12 B",Not Verified
"Sai Electronics in Nerul, Mumbai",4.8,39,"Shop No.13, Omkar Park CHS, Plot No. 205, Sector 18A, Nerul, Navi Mumbai - 400706, Near Shiv Mandir Road",Not Verified
"B2x Service Solutions INDIA Pvt Ltd in Ghansoli, Mumbai",4.0,38,"Shop No 1, Plot No 1213 Surya Kiran Co Operative Housing Society, Ghansoli, Navi Mumbai - 400701, Sector 5",Not Verified
"Led Repair in Kopar Khairane, Mumbai",5.0,36,"Shop No 402, Vithal Appartment, 69 Sector 19c, Kopar Khairane, Navi Mumbai - 400709",Not Verified
"Mobilez Shop in Ghansoli, Mumbai",4.1,32,"Shop No.10 Mahesh Apartment, Sector 5, Ghansoli, Navi Mumbai - 400701, Near Ramkrishna Hotel Opposite Idea Gallery",Verified
"Shubham Service Center in Ghansoli, Mumbai",4.4,28,"Rudrakshya Biulding. Plot No.116, Sector 5, Ghansoli, Navi Mumbai - 400701, Near M. M. Mithaiwala",Not Verified
"Cell City Telecom in Nerul, Mumbai",4.1,28,"Shop No 4 Priti Palace House No 0219/009 Sector 20, Nerul, Navi Mumbai - 400706, Behind Poonam Tower",Not Verified
"S S Cooling  Service in Kopar Khairane, Mumbai",4.6,27,"Shop No 383 Sector 2, Kopar Khairane, Navi Mumbai - 400709, Near Rajdhani Sweets",Not Verified
"Ashok Electronics in Nerul, Mumbai",3.9,27,"E1/06/C3, Mata Amruta School Road, Nerul, Navi Mumbai - 400706, Phase 2, Sector 8, Near Manak Hospital",Not Verified
"Techno Square Mobile Shop in Opposite SBI Bank, Mumbai",5.0,25,"Shop No 4 Ground Floor Plot No 376,Krupa Sai Bldg, Sector -6, Mumbai - 400706, Opposite SBI Bank",Not Verified
"Sri Sai Enterprises in Kopar Khairane, Mumbai",4.5,25,"Shop No 22/23/24/27, Anmol Apartment, Sector 07, Kopar Khairane, Navi Mumbai - 400709",Verified
"Blueberry Globals in Kopar Khairane, Mumbai",4.0,24,"Shop No 1, 2 And 3, R S Regency, Plot No 4, Sector 2/A, Kopar Khairane, Navi Mumbai - 400709, Opposite To Terana  College",Not Verified
"Jahangiriya Mobile Gallery in Ghansoli, Mumbai",3.6,19,"Shop No.3,Shogun Apt,Sector 8, Polt No 433, Ghansoli, Navi Mumbai - 400701, Near Ghansoli Railway Station",Not Verified
"The Magnet Mobile in Ghansoli, Mumbai",4.8,18,"Shop No.8 Plot No 23 Ashapura Dham, Sector-5, Ghansoli, Navi Mumbai - 400701, Near Tilak College",Not Verified
"Daikin Service Center in Kopar Khairane, Mumbai",4.2,18,"Kopar Khairane, Navi Mumbai - 400709",Not Verified
"M M Mobile Gallery in Kopar Khairane, Mumbai",4.7,17,"Shop No 10, Kopar Khairane, Navi Mumbai - 400709, Railway Station Kopar Khairane,Sector 8",Not Verified
"J P Telecom in Kopar Khairane, Mumbai",4.1,17,"Shop No 2, Sairam Apartment, Plot No 394, Kopar Khairane, Navi Mumbai - 400709, Opposite Jimmy Tower , Teen Taaki",Verified
"Parsva Electronics in Kopar Khairane, Mumbai",3.9,15,"Shop No 4, Giriraj Dham, Plot No 11, Sector 10, Kopar Khairane, Navi Mumbai - 400709, Near D Mart",Not Verified
"Senior Services in Kopar Khairane, Mumbai",4.8,14,"Shop No S 1, Manibhandra Co Operative Housing Society, Plot No 104, Sector No 16, Kopar Khairane, Navi Mumbai - 400709, Near Gurdwara",Not Verified
"Option Mobile Shop in Kopar Khairane, Mumbai",3.8,14,"Shop No 02 G Mart Building, Koperkhairne Vashi Road , Sector 10, Kopar Khairane, Navi Mumbai - 400709, Opposite D Mart",Not Verified
"Pcs Mobile Point in Nerul Sector 6, Mumbai",4.7,12,"Shop No -7,Plot No- 57, Anandi Building,, Nerul Sector 6, Navi Mumbai - 400706, Opposite Sarsole Bus Depo",Not Verified
"Allmobilerepairing.com in Ghansoli, Mumbai",4.6,12,"Shop No 4, Plot No.11, Rajji House Building, Sector 5, Ghansoli, Navi Mumbai - 400701, Near Ghansoli Railway Station",Not Verified
"Phone Shop in Nerul, Mumbai",5.0,10,"Shop No 4, Plot No 376, Krupa Sai Building Sarsole Nerul W, Sector -6, Nerul, Navi Mumbai - 400706, Opp Sbi Bank",Not Verified
"Vikram Electronics in Nerul, Mumbai",4.7,9,"Vijendra Complex !Shop No 6, Sector 1, Nerul, Navi Mumbai - 400706, Below Ashirwad Hospital",Not Verified
"New Sangeeta Electronics in Kopar Khairane, Mumbai",4.2,9,"SS-2,  Shop No 54, Sector 5, Kopar Khairane, Navi Mumbai - 400709, Opposite Annasaheb Patil Garden, Sector 5",Not Verified
"Sheetal Watch And Mobile Gallery in Ghansoli, Mumbai",3.6,9,"Shop No 3, Plot No 23 ,Shree Ambika Dham, Sector-03, Ghansoli, Navi Mumbai - 400701, Near Station Road",Not Verified
"Best Mobile Sales & Services in Kopar Khairane Sector 15, Mumbai",4.0,8,"Shop No. 06, Lucky Apartment, Sector 15, Kopar Khairane Sector 15, Navi Mumbai - 400709, Opp. D Mart",Not Verified
"Noman Repairs & Services in Nerul, Mumbai",4.9,7,"Shop No 5, Satnam Niwas, Plot No C 9, Nerul, Navi Mumbai - 400706, Opposite Gaondevi Mandir",Not Verified
"Shree Kheteshwar Mobile in Kopar Khairane, Mumbai",4.6,7,"Shop No -6, Sector -7, Kopar Khairane, Navi Mumbai - 400709, Near Anna Saheb Garden",Not Verified
"Santosh Electronics in Kopar Khairane, Mumbai",4.5,7,"Shop No.Ss2/, 217, Sector 18, Sector 15 Kopar Khairane Road, Kopar Khairane, Navi Mumbai - 400709",Not Verified
"The Great Mobile Shop in Kopar Khairane Sector 15, Mumbai",4.0,7,"Shop No 5,Lucky Apartment, Near Dmart, Kopar Khairane Sector 15, Navi Mumbai - 400709, Opposite Girija Hotel and Lions Hospital,Sector-15",Not Verified
"Prompt Services in Ghansoli, Mumbai",4.0,6,"Plot No 89, Station Road, Ghansoli, Navi Mumbai - 400701, Near Progressive Apartments, Sector 6",Not Verified
"Jsm AIR Cool in Kopar Khairane, Mumbai",3.6,6,"Shop No 6, Plot No 69, Kopar Khairane, Navi Mumbai - 400709, Near Neer Shetkari Samaj Hall, Sector 4A",Not Verified
"Chandra Mobile Service Center in Nerul Sector 6, Mumbai",4.6,5,"Shop No.5 Plot No.8/7 Sarsole Village, Darshan Darbar Road, Nerul Sector 6, Navi Mumbai - 400706, Near Darshan Darbar",Not Verified
"Msm Refrigeration in Kopar Khairane Sector 12, Mumbai",4.3,5,"Kulsum Apartment, Sector 12 E, Kopar Khairane Sector 12, Navi Mumbai - 400709, Opposite Animal Hospital",Not Verified
"R K Electronics in Kopar Khairane, Mumbai",4.2,5,"Shop No 295, SS3, Sector 18, Kopar Khairane, Navi Mumbai - 400709, Near Gulab Dairy",Not Verified
"Unique Mobile Sales & Service in Kopar Khairane, Mumbai",4.0,5,"Shop No-1059, Sector -5, Kopar Khairane, Navi Mumbai - 400709, Opposite to Railway Station",Not Verified
"Krishna Bhagwan Mobile Shop in Kopar Khairane, Mumbai",3.9,5,"Shop No. 2, Sector 19, Kopar Khairane, Navi Mumbai - 400709, Near Teen Tanki Upper Side Prem Kund",Not Verified
"Surve Electronics in Kopar Khairane, Mumbai",3.8,5,"Shop No  769 SS-3, Sector 18, Kopar Khairane, Navi Mumbai - 400709, Near Shivaji Garden, Sector 18",Not Verified
"Om Mobiles Sales  & Service in Ghansoli, Mumbai",3.8,5,"Shop No. 10, Raji House Soc., Sector 5, Ghansoli, Navi Mumbai - 400701, Near Ghansoli Station",Verified
"Jack Rick Electronics in Nerul, Mumbai",3.8,5,"LIG-1B,95/4, Station Road, Nerul, Navi Mumbai - 400706, Near Nerul West,Near Nerul Railway Station",Not Verified
"Krishna Mobile Centre in Kopar Khairane Sector 7, Mumbai",3.7,5,"Shop No 11, Plot No 15, Anmol Apartment, RS Naik Road, Kopar Khairane Sector 7, Navi Mumbai - 400709, Opposite St Mary School",Not Verified
"Klassic Gallery in Juinagar, Mumbai",3.6,5,"Swastik Sindhu, Shop No,7, Plot No.268 Sector No.23, Juinagar, Navi Mumbai - 400706, OPP,Veena Bar",Not Verified
"Vinstar Electronics in Nerul, Mumbai",3.6,5,"Kripa,SAI Building,Plot No.376,Shop No.5,Palm Beach Road,Nerul,Navi Mumbai-400706., Sector-06, Nerul, Navi Mumbai - 400706, Near State Bank Of India",Not Verified
"Shree Mahavir Mobile Service in Nerul, Mumbai",3.4,5,"Nl 1/A,10/8, Nerul Station Road, Nerul, Navi Mumbai - 400706, Near Buddha Vihar, Sector No 10",Not Verified
"Electroniyaat Sale & Service in Kopar Khairane Sector 8, Mumbai",4.5,4,"Shop No E 154, Sector 8, Kopar Khairane Sector 8, Navi Mumbai - 400709, Opposite Alankar Classes",Not Verified
"Zrk Cooling Solution in Kopar Khairane, Mumbai",4.5,4,"SS 2 A, Plot 657, Sector No 5, Kopar Khairane, Navi Mumbai - 400709, Near Masjid",Not Verified
"Noman Repair & Services in Nerul, Mumbai",4.5,4,"Shop No 5, Satnam Niwas, Plot No C 9, Sector 20, Nerul, Navi Mumbai - 400706, Near Gaondevi Temple",Not Verified
"Rajashree Mobile Gallery in Kopar Khairane, Mumbai",4.3,4,"Shop No 11, City Square Building, Plot-95,Sector-7, Kopar Khairane, Navi Mumbai - 400709, Opposite Police Station",Not Verified
"Brijesh Electronics in Kopar Khairane, Mumbai",4.3,4,"Shop No. 48,  SS-2, Kopar Khairane, Navi Mumbai - 400709, Opposite Anna Patil Garden",Not Verified
"Mahalakshmi Sales and Services in Kopar Khairane, Mumbai",4.3,4,"Shop No 263 ,SS-3, Koparkhairne Sector 8 Road, Kopar Khairane, Navi Mumbai - 400709, Beside Sai Baba Mandir",Not Verified
"Vaishnavi mobile centre in Kopar Khairane, Mumbai",4.3,4,"Shop No. 2, Twin Classic, Station Road, Kopar Khairane, Navi Mumbai - 400709, Opposite Railway Station",Not Verified
"Unique Mobile Sales And Services in Kopar Khairane Sector 5, Mumbai",4.2,4,"Shop No 1059, Sector-5, Kopar Khairane Sector 5, Navi Mumbai - 400709, Next to Central Bank Of India Opposite Koparkhairane Railway Station",Not Verified
"New Rajesh Sales & Services in Ghansoli, Mumbai",4.1,4,"Plot No 77 Secter 5 Ghasoli, Near Tilak College, Ghansoli, Navi Mumbai - 400701, Near Satgure Row House",Not Verified
"Dev Mobile Gallery in Kopar Khairane, Mumbai",4.1,4,"Shop No-4 Snehalprabha, Sector 19B, Kopar Khairane, Navi Mumbai - 400709, Near Rose Gym",Not Verified
"Priya Electronic in Kopar Khairane, Mumbai",4.1,4,"Shop No.06,Plot No.205/206 Sidhhivinayak Aprt, Sector-19b, Kopar Khairane, Navi Mumbai - 400709",Not Verified
"Shree Mobile Shoppe in Kopar Khairane, Mumbai",4.0,4,"Shop No -15, Plot No -80, Sector-8, Kopar Khairane, Navi Mumbai - 400709, Monalisa Plaza",Not Verified
"Repair Xpert in Ghansoli, Mumbai",3.9,4,"Shop No 3, Mamta Apartment, Sector No 1, Ghansoli, Navi Mumbai - 400701, Near Ghansoli Darga Road",Not Verified
"Mobile World in Nerul, Mumbai",3.9,4,"Shop No 02 Plot No 61, Sukriti Society Sector No 19, Nerul, Navi Mumbai - 400706",Not Verified
"Om Mobile Shop in Nerul, Mumbai",3.9,4,"Shop No.3, NL-4, Sector-11, Nerul, Navi Mumbai - 400706, Near Shivaji Statue",Not Verified
"Anil Mobile Shop in Kopar Khairane, Mumbai",3.5,4,"Shop No 87, Ss2, Near Anna Sahel Patil Garden, Kopar Khairane, Navi Mumbai - 400709, Near Station Road , Sector 7",Not Verified
"Yash  Mobile Repairing Center in Ghansoli, Mumbai",3.4,4,"Shop No-5, Panchwati Haware Chs, Sector-5, Ghansoli, Navi Mumbai - 400701, Opp Police Chowki",Not Verified
"Siddheshwar Refrigerator & Airconditions in Kopar Khairane, Mumbai",2.9,4,"Shop No -263, Sector-17, Kopar Khairane, Navi Mumbai - 400709, Near S S - 2",Not Verified
"Sai Krupa Electronics in Kopar Khairane, Mumbai",2.8,4,"SS-2,Shop No 180, Koparkhairne Sector 8 Road, Kopar Khairane, Navi Mumbai - 400709, Near Saibaba Mandir",Not Verified
"Big Mobile Shop in Kopar Khairane, Mumbai",2.5,4,"Om Bangla shop no. 3, Bonkode, Kopar Khairane, Navi Mumbai - 400709, Near char hula jewellwers",Not Verified
"Om Sai Electronics in Ghansoli, Mumbai",2.5,4,"Shop No-20,Panchvati Plaza, Sector-5, Ghansoli, Navi Mumbai - 400701, Near Police Chowki",Not Verified
"Nasir Mobile in Kopar Khairane, Mumbai",5.0,3,"Shop,No. 3 Jamuna Apartment, Sector 12, Kopar Khairane, Navi Mumbai - 400709, Near BALA JI Garden",Not Verified
"Melwyn Electronics in Kopar Khairane, Mumbai",4.5,3,"SS 2 Shop No 10, Sector 15, Kopar Khairane, Navi Mumbai - 400709, Near Shivaji Rao Patil Garden",Not Verified
"Shital Telecom in Ghansoli, Mumbai",4.5,3,"Plot No 03, Shop No 3, Ghansoli, Navi Mumbai - 400701, Sector 3 , Near Railway Station,Shree Ambika Dham",Not Verified
"Shree Shivam Collection in Nerul, Mumbai",4.5,3,"Shop No 3, Plot No 54 A, Vasanti Apartment, Nerul, Navi Mumbai - 400706, Opposite Sarsole Bus Depot, Sector No 6",Verified
"Kavita Mobile Gallery in Nerul, Mumbai",4.2,3,"Shop No. 5-6, Sector 11, Mahavir Shopping, Bus Depot, Nerul (E), Nerul, Navi Mumbai - 400706, Opposite Janta Market",Not Verified
"Mahi Air Cool in Kopar Khairane, Mumbai",4.2,3,"shop no 746,ss2, Sector 6, Kopar Khairane, Navi Mumbai - 400709, Near Anna saheb garden",Not Verified
"Pritam Mobile Shop in Kopar Khairane, Mumbai",4.0,3,"SS-3,Shop No 24, Sector 8, Kopar Khairane, Navi Mumbai - 400709, Near Anna Patil garden",Not Verified
"Chikane Electronics in Kopar Khairane, Mumbai",4.0,3,"Shop No 9, Sector 5, Kopar Khairane, Navi Mumbai - 400709, Near Anna Saheb Park",Not Verified
"Chikane Electronics in Kopar Khairane, Mumbai",4.0,3,"Shop No 9, Sector 5, Kopar Khairane, Navi Mumbai - 400709, Aana Saheb Garden",Not Verified
"Dev Mobile Point in Kopar Khairane, Mumbai",4.0,3,"Shop No -4, Sector-19A, Kopar Khairane, Navi Mumbai - 400709, Near Axis Bank Atm",Not Verified
"Shree mobile sales and repairing centre in Nerul, Mumbai",4.0,3,"Shop No.16, Janta Market, Sec-3, Nerul, Navi Mumbai - 400706, Near Bus Depot",Not Verified
"Suryam Mobile Repairing in Kopar Khairane, Mumbai",3.8,3,"Shop No.22, Sector-15, Kopar Khairane, Navi Mumbai - 400709, Opp. Shivaji Garden",Not Verified
"Vbm System & Solution in Juinagar, Mumbai",3.7,3,"Shop No. 2, Surbhi Paradise, Plot No. 1, Juinagar, Navi Mumbai - 400706, Near Amrutha School, Sector-25",Not Verified
"Freedom AIR Cool in Ghansoli, Mumbai",3.5,3,"Shop No 12, Plot No 231, Evrest Nagar Co Operative Housing Society, Sector-1, Ghansoli, Navi Mumbai - 400701, Near Rajendra Ashram",Not Verified
"Gayatri Telecom in Nerul, Mumbai",3.5,3,"Shop No.01,Gokul Niwas, Plot No.585, Sector-1, Nerul, Navi Mumbai - 400706, Near Thane Belapur Road",Not Verified
"Madhuram Mobile Gallery in Ghansoli, Mumbai",3.5,3,"Lk, Sector-4, Ghansoli, Navi Mumbai - 400701",Not Verified
"Singh Communication in Kopar Khairane, Mumbai",3.3,3,"Shop No-1 Vegune Paradise, Sector-12D, Kopar Khairane, Navi Mumbai - 400709, Near Bonkode Gaon",Not Verified
"Any Time Cool Service in Ghansoli, Mumbai",3.2,3,"Gala No. 303, Kamtilal Apartment, Ghansoli Village, Ghansoli, Navi Mumbai - 400701, Near Dmart",Not Verified
"Nishan Air Co Service in Nerul, Mumbai",3.0,3,"Janta Market, Shop No.6, Sector No 3, Nerul, Navi Mumbai - 400706, Near Nerul Best Bus Depot",Not Verified
"Vardhman Electronics in Kopar Khairane, Mumbai",3.0,3,"Sugandh Society Shop No-6B Plot No.22, Kopar Khairane, Navi Mumbai - 400709, Behind D-mart",Not Verified
"Yash Mobile Repairing Centre in Ghansoli, Mumbai",3.0,3,"Shop No. 5 Plot No. 92 to 96 Panchvati Haware Building, OPP Chikan Mutton Market, Ghansoli, Navi Mumbai - 400701, Near Panchvati Bus Stop",Not Verified
"Swapnapurti Electronics in Nerul, Mumbai",2.8,3,"Nl-1b 1/1, Station Road, Nerul, Navi Mumbai - 400706, Nerul West, Sector 10",Not Verified
"Excellent mobile in Kopar Khairane, Mumbai",5.0,2,"Shop No.4 Lucky Apt,Plot No.91, Sector 15, Kopar Khairane, Navi Mumbai - 400709, Opp.D Mart",Not Verified
"Tip Top Kavita  Mobile Shop in Nerul, Mumbai",5.0,2,"Mahavir  Shopping Complex Shop No.06 Plot No -5, Sector 11, Nerul, Navi Mumbai - 400706, Opposite Nerul Bus Depot",Not Verified
"Sonu Aircool in Kopar Khairane Sector 11, Mumbai",5.0,2,"Shop No 289 Sector 17 Koper Khairne Navi Mumbai, Koper Khairne, Kopar Khairane Sector 11, Navi Mumbai - 400709, Ganesh Wadapav",Not Verified
"Priyani Enterprises in Kopar Khairane, Mumbai",5.0,2,"Shop No 135, Sector 5, Kopar Khairane, Navi Mumbai - 400709, Near Railway Station Road",Not Verified
"Royal Mobiles in Kopar Khairane, Mumbai",5.0,2,"Monalisa Plaza, plot no-35, Sector 5, Kopar Khairane, Navi Mumbai - 400709, Beside Railway Station",Not Verified
"Recharge centre in Kopar Khairane, Mumbai",5.0,2,"Kopar Khairane, Navi Mumbai - 400709",Not Verified
"G S Services in Nerul, Mumbai",5.0,2,"Lenyadri Apt, Juinagar Sector 23, Nerul, Navi Mumbai - 400706, Near Hari Om Tempel",Not Verified
"AMC Experts in Nerul, Mumbai",5.0,2,"C19, Neighbourhood Complex, Sector 4, Nerul, Navi Mumbai - 400706, Sbi",Not Verified
"Classic Refrigeration in Ghansoli, Mumbai",5.0,2,"Shop No-8,  Plot No -3, Aangan Co-operative Housing Society, Sector  5, Ghansoli, Navi Mumbai - 400701, Near Santoshi Mata Mandir",Not Verified
"Om Sai Electronics in Kopar Khairane, Mumbai",4.8,2,"Shop No-2D 28, Sector-10, Kopar Khairane, Navi Mumbai - 400709, Near Co Operation Bank",Not Verified
"Shubham Sales & Services in Kopar Khairane, Mumbai",4.8,2,"Shop No. 1, Sector 19, Kopar Khairane, Navi Mumbai - 400709, Opp. Holi Maidan",Not Verified
"Nice Collection in Seawoods, Mumbai",4.8,2,"Shop No 1 Plot No. 36, Sector 46, Seawoods, Navi Mumbai - 400706, Near Hp Petrolpump",Not Verified
"Ramzan Information Technology in Nerul, Mumbai",4.8,2,"SHIRVANE SECTOR 1, Nerul, Navi Mumbai - 400706, SANDEEP MARKET",Not Verified
"Om Sai Telecom in Kopar Khairane Sector 7, Mumbai",4.5,2,"Shop No 22, Vighnaharta Apartment, GB Road, Kopar Khairane Sector 7, Navi Mumbai - 400709, Near Graphinite School, Sector No 7",Not Verified
"Asba Telecom in Kopar Khairane, Mumbai",4.5,2,"Shop No -2, Sector-12D, Kopar Khairane, Navi Mumbai - 400709, Near Adi Compound",Not Verified
"Airtech Engineers Koparkhairne in Kopar Khairane, Mumbai",4.5,2,"32 Laxmi Narayan Compound, Kopar Khairane, Navi Mumbai - 400709, Sector 12a",Not Verified
"Yuvan Refrigeration in Kopar Khairane Sector 1, Mumbai",4.5,2,"Room SS-111/774/ Sector 01, Kopar Khairane Sector 1, Navi Mumbai - 400709, Behind Terna School",Not Verified
"Itsr Air Conditioning Engineers in Nerul, Mumbai",4.5,2,"C-19, Neighbourhood Shopping Complex, Nerul, Navi Mumbai - 400706, Sector 4",Not Verified
"Shreeji Mobile in Nerul, Mumbai",4.5,2,"Shop No.04, Plot No.569, Bhanu Bhai Building, Sector No.01, Nerul, Navi Mumbai - 400706, Near Bhoir Bar",Not Verified
"St Jude Electronic Services in Nerul, Mumbai",4.5,2,"Shop No C-14, Plot No 11, Nerul, Navi Mumbai - 400706, Below Rajiv Gandhi Bridge, Sector 2",Not Verified
"Pooja Electronics in Ghansoli, Mumbai",4.5,2,"Shop No-28, Panchwati Bldg Plot No 92/96, Sector-5, Ghansoli, Navi Mumbai - 400701, Opp Police Chouki",Not Verified
"Mobile Point in Nerul, Mumbai",4.5,2,"Shop No 03, Gahlot Complex ,Plot No.28A, F-2, Sector 10, Nerul, Navi Mumbai - 400706, Near Sarsole Depot",Not Verified
"Coolmech in Nerul, Mumbai",4.5,2,"Shop No A-7, Rajiv Gandhi Bridge, Nerul, Navi Mumbai - 400706, Near Sector 1, Shirvane",Not Verified
"Yogi Mobile in Kopar Khairane, Mumbai",4.3,2,"Shop No.03 Plot No349, Sector19, Kopar Khairane, Navi Mumbai - 400709, Near Samudra Bar",Not Verified
"R K Telecom in Nerul, Mumbai",4.3,2,"Shop No,12 Vijender Chember, Sector 1, Nerul, Navi Mumbai - 400706, Opp. Rajiv Gandhi Bridge",Not Verified
"Uma Electronics in Kopar Khairane, Mumbai",4.3,2,"SS - 2/A, R, Ni.-53, Sector No 6, Kopar Khairane, Navi Mumbai - 400709, Near Anna Saheb Garden",Not Verified
"Mahalaxmi Mobile in Kopar Khairane Sector 15, Mumbai",4.3,2,"Shop No. 02, Luky Apartment, Sector - 15, Kopar Khairane Sector 15, Navi Mumbai - 400709, Opp D Mart",Not Verified
"Sohail Refrigeration in Kopar Khairane, Mumbai",4.3,2,"Shop No -1 Shree Krupa Building, Sector-12, Kopar Khairane, Navi Mumbai - 400709, Near Bonkode Gaon",Not Verified
"Ganesh Krupa Enterprises in Kopar Khairane, Mumbai",4.3,2,"Shop no. 2, sector 2, Kopar Khairane, Navi Mumbai - 400709, near shiva Ji garden",Not Verified
"Shree Ganesh Communication in Kopar Khairane, Mumbai",4.3,2,"Plot No.34/35,Golden Height CHS., Sector 20, Kopar Khairane, Navi Mumbai - 400709, Opp.Pari Gym",Not Verified
"Gauri Mobile World in Kopar Khairane, Mumbai",4.2,2,"Shop No.2, SS2, Station Road, Kopar Khairane, Navi Mumbai - 400709, Anna Saheb Partial Garden",Not Verified
"Shree Maateshree Mobile Gallery in Kopar Khairane, Mumbai",4.0,2,"Shop No.2,Lucky Apartment, Sector No.15, Kopar Khairane, Navi Mumbai - 400709, Near Dmart",Not Verified
"Morya Mobile in Kopar Khairane, Mumbai",4.0,2,"Shop No. 1, Sector 3, Kopar Khairane, Navi Mumbai - 400709, Near Shiva JI Garden",Not Verified
"Shree Sundhamata Mobile in Kopar Khairane, Mumbai",4.0,2,"Shop No-13, Plot No-85, Casablanka Bldg, Sector-3, Kopar Khairane, Navi Mumbai - 400709, Opp- Maratha Sweet",Not Verified
"Shree Sudarshan Enterprises in Kopar Khairane, Mumbai",4.0,2,"Shop No13,Plot No.83, Aashirvad Complex, Sector-1, Kopar Khairane, Navi Mumbai - 400709, Near Bank Of India",Not Verified
"Pradeep Electronics & Electricals in Nerul, Mumbai",4.0,2,"NL-1B, 75-6,Sai Yoge  Chawal, Sector -10, Nerul, Navi Mumbai - 400706, Near Rajkamal Market",Not Verified
"Prince Refrigeration in Kopar Khairane, Mumbai",3.8,2,"Shop No -1,Plot Not 281,Janki Smruti Bldg, Sector-19C, Kopar Khairane, Navi Mumbai - 400709, Sai Holy School",Not Verified
"Ruchi Cool in Kopar Khairane, Mumbai",3.8,2,"Om Ganesh Society,Plot No 69,Shop No 1, Sector 12 B, Kopar Khairane, Navi Mumbai - 400709, Near Muncipality Hospital",Not Verified
"Jay Ashapura Mobile Center in Kopar Khairane, Mumbai",3.8,2,"Shop no.  1 Riddhi Apartment, Sector 19, Kopar Khairane, Navi Mumbai - 400709, Near Ranjhan Devi mandir",Not Verified
"Ganesh Collection in Kopar Khairane, Mumbai",3.8,2,"Shop No. 22, Sector 1, Kopar Khairane, Navi Mumbai - 400709, Opp. Shivaji Garden",Not Verified
"N M Mobile in Juinagar, Mumbai",3.8,2,"Shop No 4, Surabhi Paradise, Plot No 1, Sector 25, Juinagar, Navi Mumbai - 400706, Opposite Bharat Petrol Pump, Sector 25",Not Verified
"Chisty Telecom in Nerul, Mumbai",3.8,2,"Shop No 14, Janata Market, Nerul, Navi Mumbai - 400706, Near Nerul Bus Depot, Sector 3",Not Verified
"Nashir Mobile Shop in Kopar Khairane, Mumbai",3.5,2,"shop No -4, sector-12, Kopar Khairane, Navi Mumbai - 400709, Near Balaji garden",Not Verified
"Shri Bhairavnath Mobile Shop in Kopar Khairane, Mumbai",3.5,2,"Ss-2, Shop No 179, Sector-16, Kopar Khairane, Navi Mumbai - 400709, Near Shivaji Garden",Not Verified
"Mahalaxmi Mobile Shop in Kopar Khairane Sector 15, Mumbai",3.5,2,"Shop No-2, Plot No-91, Lucky Apartment, Kopar Khairane Sector 15, Navi Mumbai - 400709, Near D Mart",Not Verified
"Bhairavnath Electronics in Kopar Khairane, Mumbai",3.5,2,"Shop No-378, Sector-7, Kopar Khairane, Navi Mumbai - 400709, Near Ganesh Mandir",Not Verified
"Shree Balaji Electricals in Kopar Khairane, Mumbai",3.5,2,"Shop No.1, Ramlya Niwas, Near Rose Gym, Kopar Khairane, Navi Mumbai - 400709, Near Ranjhan Davi Mandir",Not Verified
"Royal Refrigeration in Kopar Khairane, Mumbai",3.5,2,"Shop No. 1 Pratap Psh, Sector 19, Kopar Khairane, Navi Mumbai - 400709, Near Old Talav",Not Verified
"Gopal Mobile Point in Mahape, Mumbai",3.5,2,"Jay Bhawani, thane belapur rd, Mahape, Navi Mumbai - 400710",Not Verified
"Shivshakti Mobile in Nerul, Mumbai",3.5,2,"Gaondevi Prasad CHS, Shop No. 02, Plot No. B 53, Sector 06, Nerul, Navi Mumbai - 400706, Opposite Salsole Bus Depot",Not Verified
"Shree Shakti Electronics in Nerul, Mumbai",3.5,2,"Shop No-9,Vijendra Chambers, Shivaji Chowk,Sector-1, Nerul, Navi Mumbai - 400706, Near Rajiv Gandhi Bridge",Not Verified
"Mobile Style in Nerul, Mumbai",3.5,2,"Shop No 1/B, Siddhivinayak Co-Operative Housing Society, Nerul, Navi Mumbai - 400706, Opposite Terna School, Sector No 10",Not Verified
"The Mobile Cafe in Kopar Khairane Sector 5, Mumbai",3.0,2,"Plot No 72 Shop No 10, Sector 5, Kopar Khairane Sector 5, Mumbai - 400709, Opposite Koparkhairane Railway Station",Not Verified
"Raj Communication in Nerul, Mumbai",3.0,2,"Nl 2, Building No 16, Lp Naka, Nerul, Navi Mumbai - 400706, Near MRF Tyre Showroom, Sector No 1",Not Verified
"Ravi Services in Kopar Khairane, Mumbai",2.8,2,"Shop No -927, Sector -6, Kopar Khairane, Navi Mumbai - 400709, Near Sai Mandir",Not Verified
"A M Automation in Ghansoli, Mumbai",2.8,2,"Plot No 191, Ghansoli, Navi Mumbai - 400701, Near Railway Station, Opposite More Hospital, Sector 5",Verified
"Computer Infotech & Mobile Store in Kopar Khairane, Mumbai",2.5,2,"Shop No 10, Nakshatra Tower, Plot No 7, Sector 16, Kopar Khairane, Navi Mumbai - 400709, Near Gurudwara",Not Verified
"Shree Sainath Electronics in Nerul, Mumbai",2.5,2,"Nl-1a,19/2,Sector-10,, 0pp-Buddha Vihar,, Nerul, Navi Mumbai - 400706, Rly Stn,Road,",Not Verified
"Sai Communication Nx in Ghansoli, Mumbai",5.0,1,"Shop No-26 Plot No-10 Audhya Complex, Sector-5, Ghansoli, Navi Mumbai - 400701, Near Ghyansyam Restaurant",Not Verified
"Shree Laxmi Sales & Service in Kopar Khairane, Mumbai",5.0,1,"Plot No 351, Shop No 1, Vishnupuriya Apartment, Sector 19 C, Kopar Khairane, Navi Mumbai - 400709, Near Jimmy Tower",Not Verified
"St Enterprises in Ghansoli, Mumbai",5.0,1,"Shop No.1, Adage Arcade,, Sector No 1, Ghansoli, Navi Mumbai - 400701, Near Bharat Bank",Not Verified
